mfcc_0_mean,mfcc_1_mean,mfcc_2_mean,mfcc_3_mean,mfcc_4_mean,mfcc_5_mean,mfcc_6_mean,mfcc_7_mean,mfcc_8_mean,mfcc_9_mean,mfcc_10_mean,mfcc_11_mean,mfcc_12_mean,mfcc_0_std,mfcc_1_std,mfcc_2_std,mfcc_3_std,mfcc_4_std,mfcc_5_std,mfcc_6_std,mfcc_7_std,mfcc_8_std,mfcc_9_std,mfcc_10_std,mfcc_11_std,mfcc_12_std,label,filepath
-422.0692,71.83134,-4.9106407,-3.9979806,-7.241182,-7.269346,-12.512687,1.8196491,-4.881926,0.19595751,-2.2203052,-0.122865014,1.397884,198.07443,80.94579,15.371362,12.018627,12.089733,15.047469,16.042786,9.751573,12.497128,5.3378944,6.989572,5.8110514,5.3601108,go,C:\Projects\Audio_ML project\data\raw\go\a13e0a74_nohash_0.wav
-786.9319,31.522915,7.398018,43.726013,-18.506054,-4.538807,-10.17851,-7.5469184,-3.680368,-7.0683913,-10.860113,-4.002199,-1.4532013,183.19063,72.87175,35.58099,57.463264,24.437834,26.992208,20.811789,13.855405,12.834693,11.674246,14.870109,10.277334,6.4594283,yes,C:\Projects\Audio_ML project\data\raw\yes\cb2929ce_nohash_4.wav
-476.39417,136.90404,17.79585,3.0634513,-9.402158,25.771515,11.235157,15.837452,-0.56519043,9.461821,8.872307,10.390012,3.6159685,73.365906,26.100986,19.970201,19.277416,23.729198,7.7907357,6.461209,9.979429,8.139483,8.825036,8.898761,10.425469,6.3970165,go,C:\Projects\Audio_ML project\data\raw\go\bd11c654_nohash_0.wav
-627.8361,98.78015,-4.0412364,-7.2832317,-8.382411,2.5231895,-5.0412664,-4.3630404,-10.661734,5.69732,-17.936666,7.9545794,-11.166955,219.67966,82.47684,21.273964,24.451195,14.636098,11.535106,8.36725,15.686215,10.437239,16.767258,20.091032,15.092202,11.822535,no,C:\Projects\Audio_ML project\data\raw\no\8a5acefd_nohash_0.wav
-675.47644,80.04075,-7.3810983,13.232353,-15.983718,6.5727053,-8.756088,-4.570688,-9.479595,-3.0989385,-1.624654,-5.1662645,-5.1741457,206.89748,79.35444,31.334166,22.119093,23.955824,7.780408,11.5285,9.364215,13.083851,5.954861,10.157449,8.892339,6.760434,no,C:\Projects\Audio_ML project\data\raw\no\14775481_nohash_1.wav
-568.8705,66.89984,1.1492537,2.7185829,-2.8320763,-1.4914453,-0.19685021,-4.7764854,2.344425,-6.8249974,-3.8182368,11.290923,-8.814485,209.31758,85.32653,29.210604,7.155337,13.965884,8.997055,12.806799,16.774649,10.678758,15.082247,8.840548,18.29856,13.822816,go,C:\Projects\Audio_ML project\data\raw\go\f19c1390_nohash_4.wav
-457.95557,117.61873,8.349917,10.284829,-3.2655592,0.20451434,3.9449618,3.5189762,-3.1693943,-4.583825,-4.744229,-4.690119,-5.8737836,206.17732,105.388885,30.689045,13.694168,11.784155,10.726585,10.626584,7.679165,6.258041,10.043357,7.0304184,8.131229,6.8889427,go,C:\Projects\Audio_ML project\data\raw\go\c1d39ce8_nohash_5.wav
-753.4688,90.06145,-11.991321,9.131892,13.101768,-3.616992,-2.7624073,0.5106355,1.7648866,2.8447711,-6.6589317,6.2226963,-1.5409936,194.5381,89.57403,36.788357,18.23361,15.685824,19.81062,6.601576,7.196229,8.728986,7.394407,12.741544,10.200951,6.7904706,no,C:\Projects\Audio_ML project\data\raw\no\4fd4d073_nohash_0.wav
-595.7477,40.806316,9.60973,8.80547,-8.839844,-7.5057187,-4.2622824,-3.3981943,-2.575954,-0.37042633,-2.689127,0.2879273,-3.1230958,200.783,61.087727,28.271366,30.337193,13.246668,14.669596,11.662676,7.3305855,12.486002,7.5969076,11.365613,5.982654,7.9525647,yes,C:\Projects\Audio_ML project\data\raw\yes\c120e80e_nohash_6.wav
-653.941,51.343914,-17.71499,13.196309,-6.2192507,9.6269045,-1.6393704,-0.4744205,-5.128547,5.1211715,5.842669,3.6374266,-5.913829,239.43378,59.756393,29.250643,15.893375,14.653093,13.30621,6.0197835,10.75177,8.319647,7.525587,8.758148,7.8797946,11.430666,up,C:\Projects\Audio_ML project\data\raw\up\68dd409e_nohash_0.wav
-763.3829,18.072716,20.69375,18.545,6.960795,-14.599272,-12.535409,0.70987207,-8.139583,-2.624724,-9.325552,7.3655567,-5.9714756,177.49625,62.32364,34.10808,48.71813,10.037072,27.44503,22.2301,11.2037115,15.032516,6.44835,13.82787,10.22762,9.728782,yes,C:\Projects\Audio_ML project\data\raw\yes\1942abd7_nohash_0.wav
-608.5741,88.71495,-6.582206,4.466685,-2.553928,-3.3669612,4.4496236,-3.6758044,4.1862054,-3.6823199,-7.6130767,13.591849,-10.222386,219.32275,97.77598,34.515053,15.905809,13.958552,13.326088,11.107068,18.654509,10.741744,15.88204,13.285228,21.792982,15.129738,no,C:\Projects\Audio_ML project\data\raw\no\f19c1390_nohash_4.wav
-472.26422,36.036674,3.5320494,-1.0915183,-4.7970376,11.09847,-9.036291,11.462276,-7.0391526,-0.048161265,-10.427349,-6.3209724,-11.738703,190.7272,37.03005,21.56441,26.78519,18.291086,12.182145,21.791714,16.872402,13.250093,10.168934,10.845648,10.061655,9.864129,up,C:\Projects\Audio_ML project\data\raw\up\0e5193e6_nohash_0.wav
-574.98737,33.61957,-6.040274,12.84572,-2.0941052,-3.8076482,-7.6735134,-5.529033,-2.2557695,1.2742752,-9.298599,-0.012607681,-0.8637076,189.33427,58.87984,23.31726,27.034826,7.7303,10.484291,18.02962,13.73846,8.9038105,8.739705,14.966795,4.1033487,6.8250604,yes,C:\Projects\Audio_ML project\data\raw\yes\e102119e_nohash_1.wav
-640.83746,63.95036,18.464817,5.059643,-6.7634177,-4.4603624,-2.1143005,-4.7070045,-5.683219,-5.3475456,-3.046253,-4.0946674,-5.4067082,143.4126,87.51772,27.55996,12.235143,15.119013,16.261303,7.9254236,9.668283,10.227713,8.772736,6.635397,8.846458,10.274855,go,C:\Projects\Audio_ML project\data\raw\go\b9f46737_nohash_4.wav
-883.1105,39.937737,6.9712563,1.5298837,6.122297,0.8767849,2.6866486,1.0756924,0.78893524,0.28699735,-1.5209723,-0.81440574,-1.295679,185.1519,53.58372,18.51324,9.21904,10.161036,7.812273,12.771397,5.516079,9.284441,7.079205,5.56272,5.407081,5.614951,go,C:\Projects\Audio_ML project\data\raw\go\dbb40d24_nohash_1.wav
-447.53528,107.10527,-78.666336,-38.61654,-33.84174,1.9863919,-28.352594,-13.640918,-24.469156,-13.979744,-20.69017,-12.235572,-15.050575,88.27357,28.54505,20.3198,16.802675,29.041101,9.226213,10.490644,10.610093,11.42043,9.140001,10.0193815,7.830056,8.090108,up,C:\Projects\Audio_ML project\data\raw\up\f297e878_nohash_1.wav
-698.6927,52.883095,-1.23545,3.779892,-9.315386,-10.0450945,-6.2649336,-5.7577453,-0.82285917,-5.6515718,-12.762733,1.0666018,1.5758134,146.11407,83.65091,43.27631,21.216524,19.464937,20.327839,14.288426,15.633948,13.219819,9.27259,19.104338,7.1821146,6.474099,yes,C:\Projects\Audio_ML project\data\raw\yes\48bdc11c_nohash_0.wav
-593.06085,55.70266,0.75390214,-5.0850935,-11.587171,-5.0401444,-8.494535,-4.328908,-3.926002,-6.5629516,-3.6025279,-1.8811301,-4.2962513,167.70453,86.09963,25.066545,10.516947,21.49769,10.616782,16.945362,8.769637,7.925604,11.264513,10.381176,6.2831516,8.562157,go,C:\Projects\Audio_ML project\data\raw\go\325a0c39_nohash_0.wav
-616.4508,56.254013,2.0656004,6.3294845,-3.559636,1.6113312,6.1424093,2.4569585,0.46414718,5.3834057,3.9816866,0.8122577,-4.480498,149.3119,81.77189,17.8164,12.387109,19.663843,7.7801585,10.385406,9.645486,8.898703,9.022513,8.578897,5.0296297,7.890529,up,C:\Projects\Audio_ML project\data\raw\up\106a6183_nohash_0.wav
-708.29034,34.0265,-17.553305,-0.25517753,-12.592394,1.4157047,-0.78642625,-1.2712647,0.32414085,-2.2071683,-5.082388,-7.699952,0.47669592,172.86966,60.3259,35.08726,12.72456,23.841597,4.2820177,5.223617,5.0205846,4.8679695,5.7397256,9.238333,14.159256,4.2519903,up,C:\Projects\Audio_ML project\data\raw\up\ec74a8a5_nohash_0.wav
-436.1349,86.38181,10.144383,24.090416,-2.4328086,24.718767,8.569119,26.955864,12.010848,23.274487,10.248487,14.91337,7.0054655,90.52267,32.433327,16.838894,17.336376,26.326109,7.185845,7.295842,7.799702,9.030789,8.847064,6.769725,11.46958,6.419639,up,C:\Projects\Audio_ML project\data\raw\up\ee4a907f_nohash_0.wav
-912.21594,35.008434,-2.1405423,-0.6776384,6.366337,0.7223491,2.6406057,-0.21278532,3.082368,1.4848381,-4.1823425,-3.8215046,-0.16798888,189.97641,63.384567,8.1902275,9.326797,11.660405,6.0432463,9.19132,4.9660144,8.165387,5.8647346,9.851119,8.7801695,3.3820193,stop,C:\Projects\Audio_ML project\data\raw\stop\dbb40d24_nohash_1.wav
-794.4825,62.551495,10.485799,14.264516,-7.715486,-0.31368166,-1.2630358,1.6670375,-6.808556,-1.5372999,-1.8237256,8.133344,-1.2307898,190.15178,79.0215,20.825806,18.116589,17.38953,7.1351676,8.916324,8.455027,11.554429,5.154507,8.685161,14.458938,6.7261577,go,C:\Projects\Audio_ML project\data\raw\go\98582fee_nohash_1.wav
-589.3556,53.26836,-1.9493037,12.768138,-5.939772,-6.916263,-0.8846385,-4.418691,1.9966031,4.554991,-0.9779581,5.1320734,-2.3951743,175.58112,78.37346,31.55437,30.71595,9.702049,16.000757,7.745476,14.891438,6.399911,7.5991926,3.5332878,8.598698,7.3299446,yes,C:\Projects\Audio_ML project\data\raw\yes\d0faf7e4_nohash_4.wav
-536.39056,64.74431,4.3457775,6.081045,7.576111,13.0408125,7.751091,4.1401095,1.2413182,1.8223642,5.5991764,3.731404,2.5489569,121.110634,75.81579,16.196184,10.307408,18.457832,16.034834,10.719789,7.2628756,6.459411,6.118233,9.984899,6.349289,4.8285594,up,C:\Projects\Audio_ML project\data\raw\up\95218ce8_nohash_0.wav
-583.9338,69.20891,4.4504704,19.556587,-3.3929687,13.646984,8.571026,7.4351716,7.8977113,11.8779125,11.421621,10.218934,1.6890925,143.9601,38.946873,40.69711,12.672434,28.659685,7.6139455,7.36859,12.715502,5.606441,8.35764,9.667459,7.3293447,12.494416,up,C:\Projects\Audio_ML project\data\raw\up\f9af0887_nohash_1.wav
-535.1511,62.951862,7.328787,17.309727,-12.222214,2.3987617,2.898606,-6.286985,-4.6722045,-2.4619398,-1.0830789,1.2137334,-3.0341148,211.52983,75.330734,18.190557,25.036266,29.523775,10.468348,12.876459,14.565096,7.1981187,9.325631,6.076193,6.6742873,6.9854193,stop,C:\Projects\Audio_ML project\data\raw\stop\229978fd_nohash_1.wav
-605.12244,76.85749,-3.2910035,16.672384,-27.217815,7.545979,-12.979052,5.3929276,-3.9191852,-3.028566,-3.3353176,-6.557631,-0.5933471,200.61743,73.119736,28.622087,27.777384,35.5296,13.61043,17.143799,10.963669,7.5728025,9.0144825,8.858952,9.402676,5.782875,no,C:\Projects\Audio_ML project\data\raw\no\09bcdc9d_nohash_0.wav
-675.20844,28.298634,-14.365707,-1.0647745,-12.714602,-2.812783,-3.94775,-2.85383,-0.2629439,2.6129847,0.860323,1.3222001,-3.7595062,235.37454,39.4875,22.991535,13.554588,21.850094,5.6399755,10.698511,8.475098,5.79473,6.705633,6.127626,5.8407416,7.298252,go,C:\Projects\Audio_ML project\data\raw\go\5efb758c_nohash_1.wav
-513.9438,101.25517,10.844668,-8.279221,-10.412719,24.280783,13.668185,15.233779,-5.5550256,10.518569,1.8007203,13.094192,2.3998625,100.829796,38.942024,18.460922,22.174297,19.40227,12.958909,7.7821736,7.949309,8.14412,7.312038,8.684057,12.050662,7.0929856,up,C:\Projects\Audio_ML project\data\raw\up\bd11c654_nohash_0.wav
-595.7337,66.37301,9.307867,8.282775,-19.416412,-1.0804709,-4.4236407,-13.099981,1.4230534,7.2181983,-5.877768,-0.48749122,-4.545942,200.30464,59.183586,13.606394,11.832464,28.101873,12.254398,8.99373,17.51324,7.052685,11.050681,11.044427,8.326143,8.101647,go,C:\Projects\Audio_ML project\data\raw\go\66774579_nohash_1.wav
-616.0811,31.733835,-19.850567,-1.5629414,-11.677219,0.7439889,-3.7917573,-2.8698704,-0.20970707,0.80820674,-6.712161,-5.192834,-3.194489,179.63164,55.6956,40.91138,7.8054724,23.818024,4.5459847,9.334199,6.069281,3.3617215,5.311938,12.092379,9.081241,6.2081194,up,C:\Projects\Audio_ML project\data\raw\up\5ba724a7_nohash_0.wav
-695.01984,33.131115,-12.3892975,8.605569,-9.144657,0.088240914,-7.6007113,0.7020552,0.5548234,-2.8457224,-3.0761352,-4.572799,-4.581526,204.18498,54.21118,27.55356,18.875055,19.834726,6.510178,14.588817,5.508723,8.709942,9.578083,8.141699,11.537495,9.606504,no,C:\Projects\Audio_ML project\data\raw\no\baf01c1f_nohash_0.wav
-404.5639,36.870216,3.5103362,28.216671,3.2395563,17.693558,-0.8762463,15.116288,0.5344119,16.189587,0.60962343,14.424366,0.37826896,19.900316,9.426841,13.757983,8.977223,6.9221196,9.6859045,7.814671,6.811648,6.9934225,6.833412,5.5018454,5.306705,5.5914807,yes,C:\Projects\Audio_ML project\data\raw\yes\05b2db80_nohash_1.wav
-776.1066,20.174675,0.2312834,5.800578,-4.818885,0.38328987,-0.59083885,-2.8434381,-3.726295,3.2451646,-2.809503,6.8589635,-4.7835894,225.65646,37.17569,21.845932,11.800904,13.744674,9.77324,7.2692876,10.724385,9.219458,8.42254,7.2072124,11.743208,11.5767145,go,C:\Projects\Audio_ML project\data\raw\go\5e1b34a6_nohash_0.wav
-651.3284,41.57185,-16.267052,-2.0304964,-10.662187,2.7925763,-1.8941464,-6.0413575,-1.4294142,-0.8857323,0.9139265,-6.031725,-4.954735,164.93414,70.72778,36.159405,8.733391,23.622992,6.9985447,5.8868012,13.70364,5.903398,4.997025,4.6327405,10.970046,8.843248,up,C:\Projects\Audio_ML project\data\raw\up\14775481_nohash_1.wav
-689.913,10.30572,7.2473755,12.12183,-2.1314,3.3001094,-9.515282,-0.16956405,2.4599352,0.8685007,-3.0444407,0.62668574,2.0406528,173.5355,44.776646,26.004776,20.55624,12.985965,15.362268,17.867945,7.331674,8.065414,4.344634,10.314421,6.1729503,7.12188,yes,C:\Projects\Audio_ML project\data\raw\yes\c6ee87a7_nohash_3.wav
-720.1172,139.76794,53.818302,49.56674,38.64811,38.365963,14.806147,24.695244,13.812581,15.665637,5.510441,12.127162,-0.5084718,23.479452,9.511605,8.09846,7.55603,7.741429,6.6398296,6.3698463,7.29387,5.2927165,5.1646547,5.5279827,5.8420324,6.0436935,stop,C:\Projects\Audio_ML project\data\raw\stop\1fd85ee4_nohash_0.wav
-534.75775,-4.320855,31.332357,12.687107,-7.2138567,-10.618587,-11.893915,3.3283644,-0.9245051,-5.977603,6.6300683,-1.6071792,-0.15018357,216.5489,51.395027,41.762688,27.898373,11.062472,17.251997,18.016182,14.140487,5.7020946,13.124514,8.142291,8.962001,4.6807804,yes,C:\Projects\Audio_ML project\data\raw\yes\b87bdb22_nohash_0.wav
-564.8988,63.895687,-13.268911,6.982977,-11.351424,-2.0326786,-8.471411,3.633373,-5.4954505,-6.0123854,-1.0535716,10.1213255,-4.610277,209.5065,80.60716,22.835829,12.977072,17.314941,7.315301,17.330532,6.8685083,9.377965,11.514214,6.969861,15.608951,7.484054,go,C:\Projects\Audio_ML project\data\raw\go\ce9410da_nohash_0.wav
-585.687,33.353737,7.0769095,23.969221,-1.8153037,-1.289536,-0.9387826,-2.6365016,0.5384797,3.0704439,-6.6841207,5.7491403,-4.809967,231.45471,64.288956,35.809147,36.157593,11.795008,17.546581,8.814282,11.401283,7.954979,9.418017,15.6528,11.05395,9.067149,yes,C:\Projects\Audio_ML project\data\raw\yes\f19c1390_nohash_4.wav
-917.197,38.45996,2.8473778,-3.2067208,4.0780888,3.7655988,7.74814,0.4691651,1.1711022,0.5154456,-4.68039,-4.075012,-6.396738,181.65343,59.064846,7.9587226,10.344783,8.970149,8.392722,11.840375,3.3729858,4.3617296,5.641162,7.6349506,9.327447,11.467467,up,C:\Projects\Audio_ML project\data\raw\up\dbb40d24_nohash_1.wav
-578.88306,40.172115,-0.6541902,27.83113,-19.814453,-4.6140604,2.63509,1.0642697,-11.060256,7.3830366,-5.0294137,1.6432323,-2.7225494,235.41745,49.442745,23.325447,34.581146,30.395105,10.153048,9.070505,6.447882,15.216165,11.380682,11.066712,6.4747,7.672227,no,C:\Projects\Audio_ML project\data\raw\no\e55a2b20_nohash_1.wav
-548.88257,33.62634,-1.1420859,0.66180074,-2.108482,-6.3958383,-3.726154,1.9070648,2.6738915,-4.6888,-7.0085654,4.1543503,-0.9480331,209.75931,45.691216,31.557379,29.078527,23.86847,9.594858,15.81874,8.693836,9.209808,7.205999,8.905191,8.056572,7.4025764,yes,C:\Projects\Audio_ML project\data\raw\yes\57cb3575_nohash_1.wav
-428.3439,105.48925,-7.145116,9.2198515,-6.612172,6.1637073,-5.4583163,4.1411257,1.7297674,10.639351,0.75169903,12.853309,-14.220336,61.97028,18.355713,11.399503,12.873379,12.964651,8.622952,7.697798,8.434973,7.0106344,6.2384205,6.764502,5.4135695,7.3507795,yes,C:\Projects\Audio_ML project\data\raw\yes\d107dc42_nohash_0.wav
-665.9905,9.094924,26.113913,18.154867,-12.287665,-1.2498302,-16.13941,6.153906,-15.665474,-0.3119485,-12.791825,3.1519082,-6.4495163,223.33133,63.050877,29.687958,28.759274,15.676441,13.881963,17.172935,10.582257,16.12789,9.652852,13.819986,7.974485,10.264518,yes,C:\Projects\Audio_ML project\data\raw\yes\01bb6a2a_nohash_2.wav
-536.40826,41.05974,2.4755394,26.601023,-12.194897,8.075398,-10.264878,-0.5820743,-2.5317538,6.398965,-8.9325,5.8215456,-9.900988,185.36443,68.49685,15.093955,33.34071,15.582871,20.149233,13.369634,12.704809,7.987566,11.707469,8.613704,7.3126783,11.825193,yes,C:\Projects\Audio_ML project\data\raw\yes\1b63157b_nohash_4.wav
-608.6254,29.922314,-12.914128,-6.979215,-7.2865157,-3.1173394,-4.2315054,2.1669056,-2.0539207,-2.5972476,-0.73670185,-7.62168,-7.8146634,185.20381,50.95721,24.194885,14.450424,17.483374,7.847923,8.298608,5.8505883,5.7264524,7.5002947,5.765125,13.128551,13.85942,up,C:\Projects\Audio_ML project\data\raw\up\1b755c65_nohash_0.wav
-607.6043,62.027615,26.625814,28.173922,2.7486842,15.466657,-3.2881496,17.953337,-3.1045814,11.300666,-7.870985,6.427832,-5.252951,82.403755,36.722725,30.480085,25.150808,27.416023,15.062985,13.402842,10.1951,11.594811,7.851345,10.459816,7.449821,6.846014,yes,C:\Projects\Audio_ML project\data\raw\yes\31e686d2_nohash_0.wav
-651.89264,30.305357,6.879004,33.801685,-14.629548,7.922153,-0.19450136,4.1234126,-2.1792192,1.5322694,-1.9038349,-2.7726803,-0.12814815,207.91084,38.06163,31.888264,42.243877,23.378117,16.88649,10.746538,17.344788,11.296843,8.760791,10.209089,11.447265,4.6839485,yes,C:\Projects\Audio_ML project\data\raw\yes\cae62f38_nohash_1.wav
-701.61206,121.73456,0.5658493,15.438438,-3.5215964,20.528343,-3.0805216,12.902279,-10.221733,-8.85608,-8.539313,-1.0612476,-5.217156,87.341034,40.546604,29.543516,17.565613,17.2558,13.555841,11.4565735,12.27195,15.079218,10.864611,9.1223545,8.955005,6.2212596,no,C:\Projects\Audio_ML project\data\raw\no\dca6b373_nohash_1.wav
-814.2085,25.442465,7.474006,12.91594,-6.875995,-0.7555502,1.4241388,1.0445536,0.41234994,2.617622,-3.7674992,5.0143385,-3.671854,248.94617,32.850395,22.782476,21.085005,20.89526,7.4010553,7.5315084,13.186743,10.25477,8.601575,8.305821,10.923938,9.077135,no,C:\Projects\Audio_ML project\data\raw\no\5e1b34a6_nohash_0.wav
-631.86017,38.8813,-0.7968859,1.6328894,-5.9618115,-4.0003715,0.27483127,-4.15558,-6.02994,-4.243712,0.23921008,1.4920248,-0.36053407,189.0292,63.78103,13.871289,5.9218965,12.394468,7.611759,13.4317875,8.47403,12.472779,8.550799,4.7480416,4.7560005,3.9435785,up,C:\Projects\Audio_ML project\data\raw\up\15c563d7_nohash_2.wav
-759.1019,92.34657,26.673344,26.123243,-1.794081,14.464244,8.907347,16.556293,-1.0775055,8.547278,-7.0300493,9.889535,-4.8234296,109.74894,32.098022,12.667437,13.641341,8.547167,9.697528,6.1046586,13.472686,6.813194,9.226375,5.4403486,6.060127,8.185194,no,C:\Projects\Audio_ML project\data\raw\no\f0edc767_nohash_0.wav
-567.64844,23.724098,2.6559947,10.24141,3.5408344,-5.37556,-15.507856,2.9746974,-7.281011,-3.068835,-3.383674,2.8184798,-2.2580173,178.25,50.50616,10.311386,19.260101,8.177394,12.582859,28.163105,8.108674,12.20315,6.6658945,8.550365,6.449793,5.2591257,yes,C:\Projects\Audio_ML project\data\raw\yes\9a7c1f83_nohash_2.wav
-449.9362,92.561325,19.083603,44.08433,18.870287,22.480707,12.133408,13.455124,3.6622877,20.200258,6.2984047,14.566094,9.570293,129.57787,39.200237,24.463242,20.296503,10.049881,18.428238,8.688969,17.5667,9.708527,11.121034,7.9907007,8.305776,9.390515,no,C:\Projects\Audio_ML project\data\raw\no\778a4a01_nohash_0.wav
-435.60855,43.930153,-7.5784545,23.215324,-8.453309,4.7323713,-7.965899,1.4625331,-1.3173048,3.1952262,-6.684133,5.3996897,-4.972522,223.17099,55.00865,25.482265,33.622917,11.740082,18.62078,15.819194,7.405586,7.915529,10.897527,10.114906,9.420156,9.310569,yes,C:\Projects\Audio_ML project\data\raw\yes\28460a60_nohash_2.wav
-728.2645,54.150394,5.343563,2.186042,-12.650349,10.5499735,-12.83247,8.960616,-0.7733163,11.476546,-7.8402624,9.595926,-7.616946,191.9014,68.01095,19.299635,19.160223,20.439287,12.292798,16.477234,10.956046,9.1438,11.168125,14.363274,15.120322,8.314972,stop,C:\Projects\Audio_ML project\data\raw\stop\1a6eca98_nohash_0.wav
-625.46783,19.700193,1.5179534,31.303892,-12.176673,22.258623,-5.4956193,17.427639,-1.1275903,11.341042,-1.8178245,12.203668,1.6063765,180.28734,44.182686,28.996864,34.12621,18.950695,19.46009,14.506023,12.966515,10.835377,15.926394,6.399106,9.321046,9.3613,yes,C:\Projects\Audio_ML project\data\raw\yes\d84829e0_nohash_1.wav
-638.98883,43.77622,-5.8822994,-1.4212564,-11.343016,-0.970948,1.3122547,-2.199,-0.4215805,-1.8316486,1.965784,7.694284,-6.526726,182.0838,75.80067,18.851604,8.276899,21.256586,3.4397845,4.283988,4.4685698,3.3486302,6.885074,6.7039866,14.157321,12.801782,up,C:\Projects\Audio_ML project\data\raw\up\f19c1390_nohash_4.wav
-660.97955,65.035515,-15.375059,-0.8823573,7.030504,6.6157355,-1.42958,9.492395,-8.862017,8.109797,-2.8644116,0.6031824,1.3453122,188.7557,70.17507,35.620125,15.888604,24.16313,11.030701,11.881133,11.496492,11.105416,9.513913,7.8433805,7.3737354,5.153839,stop,C:\Projects\Audio_ML project\data\raw\stop\ab5ae445_nohash_1.wav
-605.9802,66.335785,6.403084,12.746287,-17.80755,-3.969911,-4.444968,-5.7909517,-4.897154,1.8822179,-3.7897902,0.04895271,-1.9235945,177.80585,85.19554,17.313278,20.816563,26.578247,10.271086,11.255029,11.34383,11.4398365,5.0897064,7.3760104,7.037083,6.112397,go,C:\Projects\Audio_ML project\data\raw\go\44dad20e_nohash_2.wav
-593.5942,49.891678,-2.634539,-9.224416,-10.498699,2.2551157,6.8146,3.5451205,1.6130656,1.5880878,2.8713384,3.4500673,-2.0648353,147.86876,80.42018,19.452795,15.791344,17.970867,7.124541,11.651284,6.8791757,4.729191,6.863729,6.788454,7.374374,7.9231153,up,C:\Projects\Audio_ML project\data\raw\up\d0faf7e4_nohash_4.wav
-651.5827,29.863232,9.066933,15.899854,0.90264237,4.0979953,-6.4082437,6.668548,-1.3773794,6.931632,-5.407694,2.7382643,0.595237,195.39786,58.964466,27.083822,24.40991,6.582384,13.770343,11.180219,10.735783,5.8481565,9.948859,10.675739,7.1146073,7.6833267,yes,C:\Projects\Audio_ML project\data\raw\yes\da8fa823_nohash_0.wav
-628.1428,38.56701,-10.290353,9.333915,-1.4115667,-2.6182969,-12.348464,2.7342532,-7.345994,4.6800566,-1.77533,-8.271284,0.50768703,194.03992,69.172516,40.890137,39.95179,9.187087,17.257223,18.352873,11.595883,10.672351,14.182707,10.531525,14.686717,8.831965,yes,C:\Projects\Audio_ML project\data\raw\yes\6f2f57c1_nohash_3.wav
-619.4479,95.149475,6.4339685,16.129435,0.8007015,17.141102,1.9125875,5.9063387,-1.9350117,9.9414215,6.842077,8.408083,0.37075454,140.45222,54.694744,17.685064,13.765004,22.288282,10.508097,5.6303177,8.280415,6.746223,7.4804606,9.96878,7.3054595,7.7936344,up,C:\Projects\Audio_ML project\data\raw\up\6ac35824_nohash_0.wav
-776.16364,47.63958,-8.107419,7.767332,-10.880636,-10.476751,-1.6013235,-3.6224718,-3.8818662,-1.2721434,-5.2067404,-3.8163874,-0.19485283,147.94162,71.49244,39.93184,19.444471,19.848722,18.444841,6.2599034,12.138689,10.164747,5.364887,9.521668,8.000529,4.292058,yes,C:\Projects\Audio_ML project\data\raw\yes\81dc4a94_nohash_0.wav
-456.2963,66.675125,-26.30458,20.857798,-13.696995,7.288304,6.6098547,2.1730697,-4.7613273,15.359999,-2.5644577,1.1974708,-7.7167525,217.59448,68.751274,34.097946,26.240765,15.834273,17.097252,10.441523,7.9376593,8.9164505,15.925102,8.987857,8.119882,11.846985,stop,C:\Projects\Audio_ML project\data\raw\stop\68dd409e_nohash_0.wav
-491.88937,136.38004,-3.9584353,22.895891,17.720007,8.361932,-7.4711876,2.062469,-13.833287,6.626767,-1.3242328,-2.3370383,-6.3418536,58.824486,25.617037,15.079861,11.669847,11.55954,11.5636215,15.69716,9.685932,8.94495,9.812141,7.705878,7.687385,6.5822983,go,C:\Projects\Audio_ML project\data\raw\go\ea1f888c_nohash_0.wav
-676.03595,76.13784,0.61805123,10.810124,-5.987627,-0.517348,0.1418104,-1.321878,-3.4263241,-0.11581911,-0.7895275,5.142628,-3.8926363,194.50198,84.11025,14.930148,14.928479,14.720107,6.783608,5.367351,9.430769,8.739056,11.194564,6.3797493,11.9249735,7.9181247,go,C:\Projects\Audio_ML project\data\raw\go\8dd24423_nohash_1.wav
-517.41675,75.93626,-3.2019155,9.90739,1.4350532,1.0646445,-27.96854,-12.414107,-12.335334,-2.0600238,-6.317229,11.018787,-1.6873689,112.051895,56.581165,24.862331,23.69489,20.38393,13.728668,24.823156,17.096388,18.591526,8.032028,14.851275,16.290165,6.1633787,go,C:\Projects\Audio_ML project\data\raw\go\7195ffa6_nohash_0.wav
-610.09607,45.659843,-11.759208,-3.7458327,-20.194998,7.549606,-11.78177,10.243281,-13.068549,4.4315505,0.9324881,4.891019,-7.2689695,229.92824,72.58614,25.721794,10.692166,25.015583,10.426862,16.832714,14.433534,17.137888,6.6889253,6.2444572,9.627096,11.812101,stop,C:\Projects\Audio_ML project\data\raw\stop\ce9410da_nohash_0.wav
-602.0603,47.96967,-13.0653925,2.1718895,-7.817697,0.48832533,2.725401,-3.49143,1.4495445,2.2839735,1.7626432,3.868199,-7.6884995,216.65115,74.64539,29.679325,7.7939243,17.593203,7.8933554,10.1629505,9.362708,6.202461,8.206334,7.611353,7.629943,13.060922,stop,C:\Projects\Audio_ML project\data\raw\stop\f19c1390_nohash_4.wav
-490.7893,118.03142,5.213768,18.21934,-14.519273,16.03928,-3.1262817,5.8481126,-6.743949,3.5691218,-8.94193,-3.6865294,-0.46751514,125.482,41.446075,19.586418,11.128603,29.676003,13.384198,12.782559,8.705972,6.485638,6.070694,6.6868935,10.371978,10.426256,go,C:\Projects\Audio_ML project\data\raw\go\3852fca2_nohash_0.wav
-490.93903,69.1913,-25.65103,-6.6417503,-15.658794,-11.908046,-5.4159527,-11.045894,0.037519515,-1.2165369,-5.3996253,-13.324945,-4.8056564,207.36661,75.16942,35.231106,14.498435,19.5448,15.808368,11.22531,13.753298,11.445575,8.560616,11.429542,12.7530155,7.5062065,go,C:\Projects\Audio_ML project\data\raw\go\11321027_nohash_0.wav
-509.26382,86.75626,4.31995,-8.768605,-6.7467637,-0.80915433,-9.1204605,5.361323,13.940324,11.84973,-1.5471662,-4.617178,-8.111391,106.40294,68.10201,52.205177,29.37701,25.188015,21.505177,12.09057,16.354675,19.941788,19.824333,24.674576,18.085476,13.424287,stop,C:\Projects\Audio_ML project\data\raw\stop\b9f46737_nohash_4.wav
-608.93884,27.58527,22.853508,18.435753,-7.9866314,9.471004,-11.287318,-1.7214922,-0.7331761,-9.298777,-3.7225327,-1.1631186,0.18665138,135.4836,64.65532,32.945858,31.39009,19.644283,26.600807,18.366693,6.189473,4.712841,14.712146,7.1164393,6.8940034,9.238796,yes,C:\Projects\Audio_ML project\data\raw\yes\c1d39ce8_nohash_5.wav
-706.8894,40.383675,-2.6372223,-1.2675931,-11.634189,-6.2674794,3.2295368,-3.5634403,-0.76300865,-4.700767,0.4904446,4.20537,-3.4587314,146.57225,76.668205,10.153542,7.0892167,23.00558,12.701549,7.6465025,8.575983,3.2840955,9.226018,4.4102535,8.695691,8.333317,up,C:\Projects\Audio_ML project\data\raw\up\735845ab_nohash_3.wav
-789.53546,38.13348,-13.029492,-7.265143,-14.162057,7.159886,-4.129789,-3.1686237,-3.6683817,-0.7602506,-6.321489,-6.1758876,-5.6739397,171.96242,64.96167,22.513117,14.223692,23.687181,16.63528,8.501313,6.855613,7.8332458,4.249796,10.924551,10.660929,10.801814,up,C:\Projects\Audio_ML project\data\raw\up\9f63152b_nohash_0.wav
-515.8382,102.829285,-28.248903,9.720605,-0.17036317,2.4003592,-7.545882,-1.1097194,-3.9824598,-7.8510413,-6.0131826,-9.3698845,-4.082595,109.82811,28.166197,37.38047,19.358227,25.292343,9.531277,20.614508,10.7134495,14.885831,12.354186,9.513478,15.916501,11.034263,no,C:\Projects\Audio_ML project\data\raw\no\88120683_nohash_0.wav
-730.7829,34.711685,-5.6272283,-7.903811,-7.138646,-9.123425,-6.843426,-2.2256384,-6.2513757,-6.3075223,-4.489899,-0.92375207,-5.7344337,163.17249,62.96775,41.02513,21.874573,19.917915,16.899727,13.487209,10.898763,12.412108,12.867133,9.317941,4.7524204,10.194641,yes,C:\Projects\Audio_ML project\data\raw\yes\dc2222d7_nohash_1.wav
-658.1555,48.203552,-3.5425453,-4.9274864,-16.388098,0.8099279,-1.0052912,2.4565642,-5.4024243,3.7552938,1.6043775,-1.6700301,-1.614385,188.53639,76.99142,18.204636,9.17712,27.748816,3.687753,6.1529946,5.286124,11.702434,6.547003,4.348977,6.147746,4.5484076,up,C:\Projects\Audio_ML project\data\raw\up\c120e80e_nohash_6.wav
-681.1781,66.795715,15.235164,6.5883055,4.2245426,1.5866014,-0.84042263,-1.8491309,-4.9145584,-0.42329794,-2.4145343,4.7650766,-0.64336395,151.15784,85.427284,22.3394,14.821956,11.470733,15.223685,7.9950323,9.974205,10.294222,12.193576,8.363591,8.9430895,3.7509923,no,C:\Projects\Audio_ML project\data\raw\no\b9f46737_nohash_4.wav
-589.63007,83.76612,37.706318,4.900503,22.89441,28.815752,-12.850325,18.870428,3.8642838,10.050895,5.081293,7.7940936,-0.5063975,143.06432,45.227448,22.763376,15.0823765,22.886808,15.901265,23.443365,11.693524,8.780671,11.885556,8.497452,7.0727196,8.137303,go,C:\Projects\Audio_ML project\data\raw\go\43fc47a7_nohash_0.wav
-577.12714,-19.096449,-0.71691096,1.6645246,-21.37998,-2.2533424,-19.218649,-10.331919,-4.9768243,0.8651559,-10.408823,3.7319584,-7.3697658,209.31407,83.1341,40.045727,38.94351,20.828245,15.239851,18.993109,16.622477,8.976958,11.52404,13.240763,8.775853,11.094613,yes,C:\Projects\Audio_ML project\data\raw\yes\eb3f7d82_nohash_1.wav
-586.2505,117.86543,17.327436,-1.18499,-12.000099,-3.7772703,4.461605,-3.928257,-3.142935,2.0142224,3.8195329,2.8786206,-7.027015,161.3688,112.11717,30.01839,15.070556,20.588858,9.326367,8.820814,8.638539,7.193174,15.644447,12.514557,7.884943,10.782403,no,C:\Projects\Audio_ML project\data\raw\no\d0faf7e4_nohash_4.wav
-809.63043,45.29907,-19.801908,-4.3871627,-9.770066,0.9325065,-9.224869,-0.80630773,-5.7581105,-0.013640147,-6.16196,-10.262194,4.0777445,184.03816,67.33734,36.536613,9.421144,16.12662,9.087158,14.61925,9.121431,10.058274,4.906908,9.643751,16.932652,8.445685,up,C:\Projects\Audio_ML project\data\raw\up\1b4c9b89_nohash_0.wav
-557.8867,91.08473,23.685202,5.071572,-9.838132,-3.693202,5.9167547,-1.5413952,-1.2587817,-5.3471923,-6.6258826,-3.05889,-9.115087,152.702,101.189125,33.48357,18.882801,23.817614,9.954456,13.27832,10.62148,5.3963614,8.817617,11.842397,8.372846,12.843069,go,C:\Projects\Audio_ML project\data\raw\go\229978fd_nohash_1.wav
-627.4749,59.915077,7.1281877,-3.8929226,-6.7337937,-0.77811056,2.870182,-2.2688587,-2.961686,1.4533015,1.6720455,3.0083401,0.33353403,131.63203,96.65671,17.830881,8.259774,13.224126,8.305448,8.416251,8.8915825,7.147313,6.9958606,5.3951464,7.073068,6.178721,stop,C:\Projects\Audio_ML project\data\raw\stop\d0faf7e4_nohash_4.wav
-813.76465,65.58478,10.736747,13.56685,-14.192038,-6.0450306,6.243254,-4.215958,-9.620345,-6.682158,-10.402447,2.1847441,-6.6818867,167.66803,89.46319,24.333202,18.994629,21.390257,12.502958,14.310469,8.5288,14.727482,10.795882,15.680725,12.854234,9.997028,go,C:\Projects\Audio_ML project\data\raw\go\cb2929ce_nohash_4.wav
-618.02905,80.43599,-2.0549111,0.40580636,-2.4064932,-2.851336,4.3999166,2.2389352,-1.0043418,6.8340263,-1.3236185,-0.550854,0.7607623,153.74852,71.88923,23.935715,12.42343,16.684277,11.655337,10.151745,7.716257,7.6110353,11.859188,5.500188,4.9175315,9.787475,up,C:\Projects\Audio_ML project\data\raw\up\b97c9f77_nohash_1.wav
-581.64514,68.81436,-5.5924034,-19.934935,-4.5697165,-8.547526,-11.544506,-3.2471693,-12.339677,4.5695715,-8.062543,-7.2025023,-4.240813,187.44444,82.69697,26.056261,25.426886,15.94388,14.17894,18.146204,7.2632046,16.7422,12.253688,10.23181,9.640947,9.083856,go,C:\Projects\Audio_ML project\data\raw\go\a3502f15_nohash_0.wav
-575.5735,122.8174,36.08272,25.644024,-2.958875,10.751562,13.597083,4.924461,-3.411249,-7.46235,-8.000929,-2.9562984,-4.837423,134.68057,70.86296,34.130016,25.846172,31.16207,16.410656,12.672275,11.421969,13.120996,17.931206,8.651926,6.8294573,9.788116,go,C:\Projects\Audio_ML project\data\raw\go\471a0925_nohash_4.wav
-603.7349,65.794174,-1.5244099,-1.7931548,-4.9761047,6.5068674,2.9996624,-1.4954878,-4.8815503,4.7067084,2.437856,-2.0823143,-4.050897,185.01549,82.74845,25.486418,12.706536,15.785138,11.720277,10.860997,11.148542,11.137391,9.483136,8.829065,9.244619,7.4739914,up,C:\Projects\Audio_ML project\data\raw\up\4422e51d_nohash_0.wav
-593.07574,58.338326,-4.4403048,9.953911,-17.415077,-3.7551632,4.3593016,-8.14438,-4.802487,-4.6637993,0.2824509,-4.039005,-5.0279884,203.6929,76.37229,22.714708,15.900064,27.860674,11.027284,9.975796,13.772293,12.451678,10.072733,10.524401,6.597724,8.028909,go,C:\Projects\Audio_ML project\data\raw\go\7bf801d1_nohash_1.wav
-646.4596,55.87256,-5.7265964,12.133238,-6.1523614,7.4976726,-7.676766,9.1932,1.1745303,7.7395763,-9.4965315,2.879491,-10.323518,198.92598,53.866306,29.199394,21.810162,21.083086,14.627823,13.848613,12.26677,11.00797,10.279876,10.358838,8.31985,10.550715,yes,C:\Projects\Audio_ML project\data\raw\yes\e48a80ed_nohash_2.wav
-559.6609,27.203997,-8.815734,16.33555,-17.051655,2.1024697,-17.16974,13.444774,-9.612485,2.809503,-7.4068646,9.08645,-4.724545,217.60791,58.05945,25.303276,31.800423,20.61314,15.125159,20.99722,16.991554,12.316962,14.330715,10.880316,11.9327965,7.5784006,yes,C:\Projects\Audio_ML project\data\raw\yes\ce9410da_nohash_0.wav
-685.1286,30.733383,-2.4112194,-8.037823,-14.086208,3.0150845,-6.269631,-1.8736656,-7.695431,4.1917233,-5.7707553,-3.1455379,-2.6879492,189.31943,53.805626,12.086868,14.977536,26.194372,7.9546585,11.990787,6.5097485,13.27356,8.5710125,10.128741,9.330972,6.823875,up,C:\Projects\Audio_ML project\data\raw\up\58df33b5_nohash_0.wav
-686.52246,-12.887571,3.1472635,17.073416,-11.467599,-5.1046777,-27.455986,6.171892,-7.260614,-1.2611759,-2.2964835,5.4369125,-1.6210767,195.3086,63.308445,28.939785,36.251152,21.55177,21.675907,32.89592,9.275629,13.558362,10.568025,9.214188,10.341254,6.0955896,yes,C:\Projects\Audio_ML project\data\raw\yes\1ecfb537_nohash_2.wav
-797.17395,57.70619,-20.004192,-15.117883,-13.821813,7.11462,-4.2640553,-9.835695,-3.0699713,1.9596314,-7.542758,-6.354966,2.0166125,169.5507,87.33861,34.092472,25.146097,21.45133,13.141819,12.985176,15.696828,9.01967,5.249524,12.2373705,10.597403,11.133686,stop,C:\Projects\Audio_ML project\data\raw\stop\81dc4a94_nohash_0.wav
-683.00116,21.008762,-10.04157,-4.390157,-8.80745,3.0609756,-7.0634623,-4.48733,0.7986875,-3.0144963,-3.786392,-4.5656977,-4.960055,148.36992,43.135033,24.04692,12.570843,19.738646,7.593935,14.984902,9.11182,4.1333127,7.1847434,9.582853,9.588084,11.814348,up,C:\Projects\Audio_ML project\data\raw\up\4a4e28f1_nohash_1.wav
-575.0624,7.7716346,-4.669181,18.689035,-20.560186,-6.411918,-17.98009,-0.50258046,-11.897561,-3.567738,-7.7671604,5.751139,-1.9241798,239.20976,45.049774,30.895685,47.761837,27.10038,11.696988,23.011429,6.568275,15.2884865,12.939118,10.915318,10.425776,7.60122,yes,C:\Projects\Audio_ML project\data\raw\yes\28ce0c58_nohash_1.wav
-576.25507,58.876495,-6.5059114,15.632102,-9.798287,7.4390492,-6.9828405,5.7515345,-5.377785,8.416397,-2.3181975,10.256027,-3.0836596,122.64853,33.26537,18.165323,14.956363,17.410036,12.472548,10.390964,11.847731,9.970628,8.951678,10.900008,8.168765,9.186252,go,C:\Projects\Audio_ML project\data\raw\go\44b5720d_nohash_0.wav
-482.18326,54.34363,-22.861044,-5.2224545,-24.866098,-1.3422505,-10.889616,-5.320662,-5.993859,2.240328,-3.461308,-7.680016,-3.3282855,203.06842,65.57807,33.70762,11.41422,33.54675,6.695897,16.588074,8.579946,8.045004,9.775099,7.2136455,11.346206,9.539161,go,C:\Projects\Audio_ML project\data\raw\go\5ba724a7_nohash_0.wav
-510.0187,43.409767,28.593739,1.7835786,14.078286,-9.055286,-6.115058,9.082783,-11.224459,2.698477,-5.6139884,1.1544291,-3.8042922,191.18465,54.03999,38.72498,34.453312,17.683392,15.498532,13.882893,9.82411,11.916487,10.289678,10.292886,6.0930715,6.775084,yes,C:\Projects\Audio_ML project\data\raw\yes\9aa21fa9_nohash_2.wav
-615.87146,74.12825,-19.909838,-1.7489758,-20.230968,-15.711938,-7.3256845,-12.832986,-4.194338,-9.728185,-4.63901,-0.33445668,-11.834988,168.45294,85.38686,47.604828,17.723293,26.156797,19.881584,18.087461,18.053558,13.21206,16.436531,7.3967485,8.812412,15.367961,go,C:\Projects\Audio_ML project\data\raw\go\01d22d03_nohash_1.wav
-690.37604,53.355484,-24.826996,-8.939729,4.407029,0.3287282,3.7003195,-1.0586193,0.45325845,4.5577993,-5.8967156,0.20071076,-3.545286,175.37338,78.280556,44.43614,17.13845,8.891002,13.437757,9.54615,7.37009,4.8124495,8.070221,10.949577,5.76123,7.433124,stop,C:\Projects\Audio_ML project\data\raw\stop\4fd4d073_nohash_0.wav
-711.8638,60.311905,-1.6702483,-10.438369,-13.301801,-5.940402,-5.0290537,-7.5542846,-7.7314544,-2.562469,0.6044739,-6.037468,-6.8805513,181.58249,73.89793,29.395565,17.899176,19.920708,12.668863,11.388711,13.013452,11.545747,6.598438,9.236986,10.2802305,12.297872,go,C:\Projects\Audio_ML project\data\raw\go\5ac04a92_nohash_0.wav
-674.1571,42.376423,-12.636229,0.7107652,-17.214828,-0.978259,-3.1921437,-2.070315,-0.74461496,4.70474,-1.5884838,2.186405,-2.1519122,239.84225,47.749348,23.91185,16.701653,25.418324,7.301678,10.332975,8.065009,5.248783,7.2683396,6.1928763,7.057792,6.587977,no,C:\Projects\Audio_ML project\data\raw\no\5efb758c_nohash_1.wav
-664.8951,89.341034,6.970695,-2.9426372,-15.638955,3.697177,-24.797056,-4.325766,-11.760645,4.7765155,-12.507024,-14.106556,-2.6901972,173.39622,80.443474,30.212305,25.194138,19.120096,13.533548,25.525593,9.965406,15.671311,9.051648,14.058239,15.4247265,8.178126,no,C:\Projects\Audio_ML project\data\raw\no\6a27a9bf_nohash_0.wav
-649.8631,69.084465,4.607665,14.899889,2.5984266,12.571496,-0.50734675,10.237605,0.8464248,11.2377405,-3.7160337,3.4729943,-1.3365043,124.64617,33.911755,22.474092,20.050093,12.516538,8.470938,7.6319504,7.3288927,6.719436,9.875563,12.049959,10.759346,6.2062726,up,C:\Projects\Audio_ML project\data\raw\up\31e686d2_nohash_0.wav
-607.2192,134.34479,29.637154,-13.427241,-17.21923,-11.306847,5.8751416,12.351026,1.7093475,1.6236081,5.89914,-1.9652792,-6.987004,138.82042,120.508224,36.853672,32.11615,30.794212,24.108997,18.79113,10.010136,17.337751,11.087332,16.756954,12.230203,15.180668,go,C:\Projects\Audio_ML project\data\raw\go\61e50f62_nohash_0.wav
-485.96332,6.7012143,-1.4475013,23.311937,-19.904068,-2.411767,-18.447708,15.647758,-18.871834,2.1513817,-15.270331,8.994122,3.408236,198.41052,33.49841,28.122742,31.473415,32.00009,11.8027115,21.14959,18.751587,19.465206,8.755851,17.048344,13.008968,8.439597,yes,C:\Projects\Audio_ML project\data\raw\yes\434a267c_nohash_0.wav
-570.50024,75.39351,-12.547175,5.153097,-1.3089492,-3.3752263,-5.260729,-0.7872621,-3.3211093,-2.1475043,2.93098,-1.3674201,-4.557897,216.9976,83.728584,29.032215,12.317501,16.431616,8.333186,9.379171,8.126647,6.4093704,8.116003,13.439183,5.8887296,7.8812714,up,C:\Projects\Audio_ML project\data\raw\up\9aa21fa9_nohash_2.wav
-719.1987,78.11103,2.2342062,9.220567,0.22518231,20.874899,-4.4482474,14.069612,0.15811871,3.556464,-9.00403,5.0828276,1.6261064,176.30664,53.072445,31.309654,11.662493,14.569415,13.549982,12.313714,8.974662,8.069817,9.810263,12.638385,9.218634,8.790472,stop,C:\Projects\Audio_ML project\data\raw\stop\dca6b373_nohash_1.wav
-462.34552,21.31572,-13.400316,-1.7956938,-15.313661,4.3367696,-5.266181,-0.269829,-5.5603743,4.960282,-7.1923943,-3.374148,-10.457645,224.18506,68.691956,33.49837,8.629289,21.983946,9.215739,16.713976,8.274897,10.479325,9.867176,8.884682,8.725357,11.991997,stop,C:\Projects\Audio_ML project\data\raw\stop\7e4fa1d8_nohash_0.wav
-633.8843,57.654877,13.280946,-4.6321845,-0.6499823,10.91644,-1.7354198,11.653487,-7.916452,7.892768,0.10160861,-0.57645,1.6637319,198.37123,89.17319,28.294277,17.225428,21.071905,12.626231,11.147239,14.057939,13.394716,9.4299345,4.182817,7.3388042,5.1500545,stop,C:\Projects\Audio_ML project\data\raw\stop\652b3da7_nohash_0.wav
-475.8569,102.65768,5.7402253,38.807823,-29.02525,-21.314396,-9.325403,-14.977297,-15.420184,-5.414616,-4.702878,0.8225084,-6.5485578,132.84508,72.84458,20.759914,25.821123,27.58097,22.541498,29.246414,12.201347,16.250097,12.1964245,12.088406,9.871426,18.723707,no,C:\Projects\Audio_ML project\data\raw\no\28e47b1a_nohash_3.wav
-635.8253,0.17729236,15.577847,19.980103,-13.4104805,-13.576501,-3.3317528,-12.132949,-3.2750845,-5.7945952,-8.699858,2.4956563,-4.1809244,197.23338,65.63968,26.877058,30.39523,21.35434,19.450201,7.2387915,13.236407,5.6508455,9.506933,10.039495,6.4384947,6.506547,yes,C:\Projects\Audio_ML project\data\raw\yes\735845ab_nohash_0.wav
-685.7729,42.61015,-22.342175,-1.761098,-7.801074,-2.1343415,0.7495053,-4.618551,-0.2767959,-0.9805575,-5.490813,-2.3634374,-0.54726434,171.80313,73.47593,50.571518,17.651306,19.012554,9.487118,9.026146,10.595065,5.515013,4.105445,10.809736,7.0148582,3.8531687,stop,C:\Projects\Audio_ML project\data\raw\stop\3aa6f4e2_nohash_1.wav
-513.0671,85.20253,4.93254,28.260017,1.367822,-2.484939,4.396822,-0.7615098,-0.126522,-1.9131651,-1.7383686,-4.644187,-11.286544,170.17087,76.33172,22.7365,31.843225,17.517115,11.544507,25.455256,13.083192,22.233387,12.490339,8.761435,14.4253435,14.88575,no,C:\Projects\Audio_ML project\data\raw\no\c634a189_nohash_2.wav
-515.16187,45.551323,-8.540353,7.8970065,-16.663828,-0.1491156,-3.501394,3.8135931,-7.3723726,-3.6378276,-1.2735255,0.7472575,-0.8462496,214.59389,60.47797,24.55679,18.901653,25.197758,8.116966,15.773981,12.201218,11.610644,7.7870345,9.102664,9.463416,6.0275846,go,C:\Projects\Audio_ML project\data\raw\go\434a267c_nohash_0.wav
-511.05643,42.148266,-12.515416,1.3508195,-15.015684,-10.44551,-9.583299,-9.933565,0.7292955,1.821976,-3.897853,-5.059773,-6.3395553,206.79575,56.742825,25.264446,26.635721,20.276522,15.246144,16.641497,14.543444,13.203884,10.0617485,9.273039,10.362676,9.697789,no,C:\Projects\Audio_ML project\data\raw\no\86f12ac0_nohash_1.wav
-681.09607,30.184788,-4.399511,1.363451,-14.964032,3.5238245,-11.855517,-3.2589393,-9.299603,0.88385105,-8.151296,-5.573502,-2.4375732,223.99489,66.52002,34.11655,9.102875,23.02028,9.797291,14.952866,8.859865,11.933274,6.707658,10.932506,9.35154,4.858413,stop,C:\Projects\Audio_ML project\data\raw\stop\58df33b5_nohash_0.wav
-718.71106,56.770992,-24.61739,-14.588411,-4.417016,-4.9687386,-5.644164,-2.0357656,-1.2179915,-1.305651,-7.7224503,-6.1929035,-2.068243,163.83743,93.82109,50.83811,26.97984,9.258589,16.721533,18.800068,8.734758,8.765961,7.2276893,14.762066,11.793718,7.7114964,stop,C:\Projects\Audio_ML project\data\raw\stop\48bdc11c_nohash_0.wav
-747.87994,26.080645,-2.2716687,0.7160333,-7.7987056,-4.3725452,-3.6692028,1.483096,-4.0899177,-0.10581477,1.6681161,0.83686274,-1.2769451,139.81728,55.35221,18.33587,6.2764955,17.742304,9.396705,8.956892,6.108017,9.947304,3.5686305,6.1472793,3.285866,4.115862,up,C:\Projects\Audio_ML project\data\raw\up\1ecfb537_nohash_2.wav
-565.79877,41.997627,-32.261974,-14.62066,-12.250851,-6.9613385,1.2365218,-0.12609358,-8.121144,3.9780405,-8.817178,-4.9349637,-7.4878044,239.53748,58.95002,41.380836,20.88054,15.96864,9.867796,9.693836,3.1327486,11.761792,6.814854,12.243037,8.604302,9.454249,stop,C:\Projects\Audio_ML project\data\raw\stop\11321027_nohash_0.wav
-753.2342,63.038853,-3.6652505,-0.28446954,-12.577698,-8.400111,-12.095071,-2.037226,-5.322653,0.3894357,-5.1497426,-3.7904937,-4.717767,169.17099,69.867615,14.8014,16.394878,17.607025,14.163543,15.339907,6.591401,12.6251335,6.386739,8.376747,7.4596634,6.640326,no,C:\Projects\Audio_ML project\data\raw\no\50f55535_nohash_0.wav
-461.54443,120.51928,-11.010053,10.372891,-19.812725,-4.29895,-11.714933,-1.4213874,-1.130793,0.3643621,-2.63015,-11.08649,-3.8017182,141.00433,72.93197,28.666796,18.27761,25.506033,16.367325,12.28717,14.644619,8.348072,13.728413,9.034441,17.432695,17.098318,go,C:\Projects\Audio_ML project\data\raw\go\56eb74ae_nohash_0.wav
-600.23486,38.395645,15.091558,-2.628324,1.0920584,-6.6493964,-9.821016,12.649979,-11.146533,5.0165915,-18.732677,4.3291025,-10.328269,124.79637,51.3349,43.183113,16.451021,20.24359,23.614437,8.557175,14.318319,11.124751,10.141908,14.574399,8.688416,9.321251,yes,C:\Projects\Audio_ML project\data\raw\yes\50f55535_nohash_0.wav
-382.01483,151.62126,-2.7777448,25.4364,1.69406,-8.656877,-1.6970371,2.8632793,-5.64422,-8.942626,-6.9416614,-6.9913583,-10.516394,173.9395,70.362144,40.212933,31.670519,27.086187,14.086212,11.72884,13.315192,16.322485,12.701824,9.63879,11.972701,11.563135,no,C:\Projects\Audio_ML project\data\raw\no\229978fd_nohash_1.wav
-675.2852,32.683365,-6.834986,-4.3009834,-9.992139,0.9705341,-0.9630643,-1.4406961,-2.4900236,3.9669657,0.7681458,-2.456168,-4.590054,160.12865,61.936474,18.809807,11.252468,21.412516,5.513751,5.122623,3.742241,6.382443,9.110195,4.436339,5.431741,8.946854,up,C:\Projects\Audio_ML project\data\raw\up\b5552931_nohash_3.wav
-602.06854,39.83001,1.3917974,-4.4066854,-14.723543,3.2560227,-5.5202703,0.7192429,-7.3009143,4.5421042,3.1811352,-3.0843954,0.35684064,197.63957,67.796364,16.654408,8.364729,25.085321,7.0241804,12.789536,6.2575235,12.617542,8.118451,7.797003,7.970422,5.474389,stop,C:\Projects\Audio_ML project\data\raw\stop\c120e80e_nohash_6.wav
-580.97516,77.48307,-22.171362,7.3806667,-13.751918,-9.92033,-8.39678,-8.135471,1.1630381,6.378481,-6.50261,-4.707686,-3.0882404,176.0221,79.74766,24.302614,14.993358,24.196543,15.7627125,12.777763,10.30402,9.995082,9.778882,9.598279,8.926351,7.6390176,no,C:\Projects\Audio_ML project\data\raw\no\6d1dcca6_nohash_0.wav
-441.05032,47.42572,1.480778,-6.94808,-5.811321,-5.4986806,-9.314872,3.2745974,-5.3899264,2.934345,-4.6501484,1.223252,-0.13879551,184.07658,64.20002,13.70689,17.117083,12.97143,11.394411,14.081862,14.606861,10.176594,5.2839484,8.255316,5.7288566,3.927384,yes,C:\Projects\Audio_ML project\data\raw\yes\a13e0a74_nohash_0.wav
-395.95413,105.10538,12.752038,37.00295,-4.2898765,20.134691,5.2010884,21.572996,7.9506593,14.220088,8.08571,8.601347,8.40388,118.12503,39.46399,34.811573,19.167976,27.150637,12.447741,11.661049,11.233892,10.574444,7.687164,10.299711,14.576596,6.6058273,no,C:\Projects\Audio_ML project\data\raw\no\ee4a907f_nohash_0.wav
-624.66394,1.0667344,9.592757,18.061167,-10.9636545,1.5977521,-14.590846,4.9874616,-10.380114,8.576137,-6.993118,3.6754553,-2.5327241,184.30951,69.37457,36.057976,42.08287,20.601889,34.875458,20.754423,10.28185,13.232393,11.62062,10.293843,7.8320165,6.0784082,yes,C:\Projects\Audio_ML project\data\raw\yes\3389305e_nohash_1.wav
-488.26077,77.23382,22.660608,34.382275,-3.8829305,1.5697361,-3.6841512,-2.1570742,-4.0052853,-7.428685,-7.6841683,-3.4397335,-5.5566773,144.53258,86.26842,27.9305,43.28533,19.280272,13.04421,11.401313,12.487629,6.8302402,11.565842,7.7341785,6.0046196,7.498506,yes,C:\Projects\Audio_ML project\data\raw\yes\229978fd_nohash_1.wav
-691.9892,47.62646,24.80192,14.290673,15.778646,11.419049,10.088447,9.5999775,7.8456836,7.682473,2.6115386,7.5595074,3.7239423,10.598521,8.376082,7.7105556,7.593631,6.976457,7.956076,9.515295,7.6368527,7.359017,7.4581785,8.511469,6.6175246,7.053668,stop,C:\Projects\Audio_ML project\data\raw\stop\b87bdb22_nohash_0.wav
-651.6842,8.214335,-4.276643,14.05668,-9.563082,-5.2580433,-10.109787,2.6576355,-2.4080606,-2.329536,-6.122242,3.4688408,-5.642754,204.5592,26.229078,17.608034,30.070564,17.861542,11.306341,18.06379,10.540951,8.790411,10.539929,11.587792,7.944113,10.155216,yes,C:\Projects\Audio_ML project\data\raw\yes\baf01c1f_nohash_0.wav
-728.0937,3.771203,-0.99245256,2.4021366,-22.317154,-4.9532375,-10.966324,6.687347,-4.2408104,1.451653,-2.5851808,5.693886,-2.2530456,173.70534,79.654884,22.03813,17.951136,31.936789,13.140461,18.747704,13.632328,10.4690275,5.3422003,7.8077264,9.994675,6.9812202,stop,C:\Projects\Audio_ML project\data\raw\stop\1ecfb537_nohash_2.wav
-686.4934,29.442312,-1.6150509,2.1519792,-3.272678,0.77743554,2.682451,2.3176167,-2.1841218,3.4690127,-1.6276996,5.040109,-3.4559817,186.00587,47.88969,10.61281,5.918154,16.28853,6.9840584,9.634816,6.481314,5.021086,7.101026,8.731341,11.40565,11.359695,up,C:\Projects\Audio_ML project\data\raw\up\c6ee87a7_nohash_3.wav
-592.92676,20.782433,6.5333667,17.721315,-7.744474,10.029894,-11.262245,0.32977846,3.2485387,0.6644387,-6.743135,-1.3205569,-6.343638,214.39574,57.27039,32.864815,42.391193,13.189357,17.520103,19.447638,14.251509,8.355809,11.394204,9.928782,5.527109,8.985533,yes,C:\Projects\Audio_ML project\data\raw\yes\f33660af_nohash_0.wav
-540.506,45.291935,-29.087704,-5.216109,-13.988313,1.2602546,-5.8738723,-2.9242334,-0.09351791,2.2105117,-3.7989886,-9.42737,-0.96521044,186.41124,68.13085,47.96371,15.843292,22.292202,7.8378587,13.36253,8.88817,5.4071536,5.720918,6.6918,14.882931,4.857438,stop,C:\Projects\Audio_ML project\data\raw\stop\8c4854bc_nohash_0.wav
-704.64185,49.24077,-11.414964,-4.578312,-8.863803,-3.2567642,-6.9367847,0.7237098,-13.539438,0.4552211,-14.261279,-6.7602754,-4.928205,207.40355,80.54259,25.044369,12.675888,17.033031,8.537992,11.814336,8.624465,13.523984,7.7419977,13.222853,8.88265,7.6252995,stop,C:\Projects\Audio_ML project\data\raw\stop\b93528e3_nohash_2.wav
-576.66003,46.87476,2.1087801,6.895938,-10.616224,-10.489046,-6.4750056,-2.805161,-2.8129659,-3.087411,-5.5473924,0.06305147,-5.8020115,144.06616,72.39158,29.085617,24.952744,19.072346,21.094484,11.128688,9.827185,9.801028,8.090611,9.341426,6.745366,9.612951,yes,C:\Projects\Audio_ML project\data\raw\yes\325a0c39_nohash_0.wav
-523.51306,17.509247,-16.51013,0.6971403,-23.103388,11.692695,-5.359217,7.7212777,-11.618214,4.872137,-6.4614305,2.4470463,-0.4632508,215.31363,39.179417,34.61565,6.3866115,34.366215,17.831898,12.465594,17.239496,16.534555,10.174686,9.672801,9.826272,6.908844,stop,C:\Projects\Audio_ML project\data\raw\stop\434a267c_nohash_0.wav
-585.04706,39.0593,14.686839,16.615746,-7.248927,24.170988,5.7905555,16.405323,3.6144903,12.056966,1.9097553,13.235344,-5.2201896,210.67824,64.87376,25.331827,22.411335,26.324652,17.770807,9.920384,12.467013,10.16735,8.791829,9.103422,10.7390995,12.747172,stop,C:\Projects\Audio_ML project\data\raw\stop\a9b574b3_nohash_0.wav
-503.0626,85.97559,13.516682,45.92986,15.052248,33.9821,14.366065,26.52588,13.161873,21.311043,1.8897718,12.856757,-1.9680243,93.80478,25.771692,29.543545,22.634312,25.038635,9.542066,8.878571,9.169167,8.330176,7.9084682,8.206518,8.034924,7.674679,up,C:\Projects\Audio_ML project\data\raw\up\3a789a0d_nohash_0.wav
-616.603,49.440887,6.319764,16.480104,3.649035,-2.9269836,-2.2286358,8.079359,-3.4989252,-0.32002452,-0.33161393,1.3001629,-2.4328506,157.58003,67.976845,28.7153,31.746172,21.368126,17.730234,6.3425946,19.421183,8.579741,11.357476,6.6786213,5.5988626,4.6107664,yes,C:\Projects\Audio_ML project\data\raw\yes\106a6183_nohash_0.wav
-663.7966,38.393246,-3.0782926,13.089399,-17.301006,1.2615025,-6.5781145,-10.371834,-11.478592,2.755937,-1.3364072,-2.5272067,0.15441398,197.44806,53.63685,34.46647,25.108398,33.207253,7.686073,18.646513,14.593559,18.936237,11.3548355,6.3838363,9.603517,7.032956,no,C:\Projects\Audio_ML project\data\raw\no\28ce0c58_nohash_6.wav
-419.4885,84.09769,24.268158,48.34946,23.952961,15.837123,11.143823,22.521708,9.707544,23.30619,1.4468148,16.612064,6.4774528,125.44175,37.746376,40.98746,22.65195,11.542579,23.820412,7.4346437,12.077649,8.813318,14.067104,9.2075615,9.868008,5.9167356,yes,C:\Projects\Audio_ML project\data\raw\yes\778a4a01_nohash_0.wav
-685.1311,140.36855,45.7621,54.176563,29.483786,24.845558,2.123927,22.645662,13.128319,13.807423,5.0598497,16.172373,-1.4568118,85.38607,23.15139,26.507528,17.690552,9.496737,16.249348,21.022892,11.28864,6.121237,11.823171,7.859179,9.336721,11.875896,yes,C:\Projects\Audio_ML project\data\raw\yes\1fd85ee4_nohash_0.wav
-655.46954,60.4579,-22.607027,0.29162836,-9.117721,-11.130797,5.476171,-8.206229,-9.066699,2.704336,4.144174,0.20384216,-1.5044142,168.32892,85.77461,39.72415,9.230851,14.717386,17.78869,10.639507,12.8186245,13.728634,5.6239185,6.064092,3.985221,3.9299579,up,C:\Projects\Audio_ML project\data\raw\up\9587481f_nohash_0.wav
-534.6358,141.77477,27.514858,-1.2268797,-9.03785,16.447788,6.803729,10.021558,9.297708,13.141082,10.915704,8.493177,-3.3270228,55.83674,29.740976,16.408669,25.120453,18.063875,10.591785,8.7760105,13.412894,8.889507,8.184858,9.688291,9.037435,10.931463,go,C:\Projects\Audio_ML project\data\raw\go\9a4d12fd_nohash_1.wav
-394.75958,39.028427,1.5706338,28.569904,5.99764,18.980524,-1.2292465,15.671157,0.6239328,13.222109,1.152622,13.392734,1.2674434,32.826157,17.214334,16.629995,10.881556,10.268231,9.055929,7.9131026,7.7948065,6.178409,7.039633,6.9125366,5.389709,6.279021,yes,C:\Projects\Audio_ML project\data\raw\yes\05b2db80_nohash_2.wav
-646.42584,35.602077,-16.554901,6.15166,-4.4651585,12.112768,-3.0004554,2.7680397,2.3320453,-0.80055386,-11.893006,0.78441375,-0.8395203,230.12134,48.211723,29.491587,12.341512,10.879112,20.007998,10.669039,6.08679,6.3081145,6.8012166,17.997953,4.5665565,3.095687,stop,C:\Projects\Audio_ML project\data\raw\stop\3852fca2_nohash_0.wav
-629.2107,16.879707,-16.971916,4.173909,-7.204291,5.6285377,1.9824427,-0.85304517,3.380313,2.7788227,-3.298676,-3.4572887,-1.8936697,178.91408,33.481953,37.376717,9.965273,17.670975,10.7957,6.1230717,3.8332057,8.4565,6.349148,9.808003,8.200192,5.5297284,up,C:\Projects\Audio_ML project\data\raw\up\0b40aa8e_nohash_1.wav
-634.32153,29.535017,-2.4478154,9.173432,-7.7487373,-2.9516609,-3.4208233,-1.6247486,0.01372304,1.853517,-3.31557,0.41606206,-3.7420893,190.41595,49.329582,16.80202,20.615606,20.446407,13.403604,6.81246,8.431341,9.01095,7.5033097,7.0154557,4.9885726,7.0517755,yes,C:\Projects\Audio_ML project\data\raw\yes\af7a8296_nohash_3.wav
-629.62714,90.21992,20.763403,24.846487,-0.56180686,15.802088,-5.4148374,18.401733,5.958925,18.858435,2.8836386,12.531318,5.532268,61.799053,24.723372,15.469935,13.731402,10.068666,8.590148,10.838626,8.90994,8.337539,8.69518,10.943682,10.790935,7.7002535,no,C:\Projects\Audio_ML project\data\raw\no\1cb788bc_nohash_0.wav
-495.88715,95.75542,25.533258,46.280163,11.73913,23.464815,10.404939,24.869175,11.330179,17.649658,-1.2159884,16.54338,-0.6061597,90.91608,28.877047,22.215363,19.478765,23.093864,17.648073,12.937954,10.35959,8.274158,7.697966,9.274201,7.258099,6.57935,go,C:\Projects\Audio_ML project\data\raw\go\3a789a0d_nohash_0.wav
-574.97906,25.965502,-14.0923,1.0564117,-15.165543,7.039347,-6.96242,3.2069333,-4.603724,4.9466166,-2.3276746,-3.6883183,-2.5916264,206.3699,41.27733,26.462643,5.5925574,29.277588,11.528543,14.268392,7.963611,9.580342,8.255187,6.2401094,8.121681,6.920089,up,C:\Projects\Audio_ML project\data\raw\up\434a267c_nohash_0.wav
-589.37225,44.182102,19.72874,24.686155,-1.3120972,4.637121,-16.761812,11.704192,-10.748298,2.223721,-6.8710027,-0.53732353,-5.7657866,160.48074,57.952404,23.735157,37.526672,16.466427,20.112452,24.349434,11.966084,17.807821,11.010547,10.958587,10.01269,8.081919,yes,C:\Projects\Audio_ML project\data\raw\yes\471a0925_nohash_4.wav
-602.3572,74.66759,5.924384,5.2301164,-2.4035387,1.7324662,-1.9997399,5.3229933,10.748634,4.8262115,-2.4462962,-4.871555,0.9764423,131.61096,61.153214,27.344868,17.591412,20.022032,15.303001,10.813716,8.405695,10.9988575,7.800957,9.214887,11.491443,5.596634,up,C:\Projects\Audio_ML project\data\raw\up\56eb74ae_nohash_0.wav
-602.4098,33.244823,-11.155307,-2.088881,-4.129281,3.393304,3.5974412,1.8014176,2.3142478,1.8743802,1.5892502,-4.560076,-3.429845,219.68134,53.75611,23.286741,8.351539,10.578004,6.889667,6.691869,3.9995885,4.41923,4.7537713,4.723258,9.288011,9.189419,up,C:\Projects\Audio_ML project\data\raw\up\b87bdb22_nohash_0.wav
-700.7487,117.82212,38.215607,48.440132,12.709823,8.423497,-3.1771123,7.473777,2.329713,12.39219,8.527537,16.224434,6.9316688,98.48578,17.675682,18.993813,21.699957,9.635004,22.676487,13.399418,9.418345,9.932197,8.206204,6.8426876,7.517354,10.739522,yes,C:\Projects\Audio_ML project\data\raw\yes\43691f67_nohash_0.wav
-711.97125,40.976772,-10.510688,13.068335,-14.876526,-2.6067994,-7.8516183,0.794327,-6.13288,0.4217186,-2.3031907,-3.8137255,-2.5949538,203.50241,61.895218,27.924614,23.423927,26.867569,5.983732,12.49944,9.38442,11.928824,5.7654486,6.929996,8.906229,5.788892,yes,C:\Projects\Audio_ML project\data\raw\yes\14775481_nohash_1.wav
-596.4919,55.29446,-8.5016,6.439765,-11.069086,8.233776,-14.992465,-2.5940974,-15.072605,2.446469,-1.9957714,10.900611,-5.275368,157.54494,50.793064,20.104092,15.418325,14.493926,9.498389,15.04634,11.666492,18.597883,10.906055,22.051191,9.731118,8.723575,up,C:\Projects\Audio_ML project\data\raw\up\7195ffa6_nohash_0.wav
-699.4947,68.86756,-15.059041,14.455247,-9.614713,-6.2690654,-0.7634513,-5.191068,-9.204981,-3.5396404,-2.0297966,1.4104819,-8.42241,220.2941,77.889046,27.279211,27.71174,21.588589,14.404211,9.261677,13.202001,17.962004,7.842462,5.713759,11.126314,11.629136,no,C:\Projects\Audio_ML project\data\raw\no\1942abd7_nohash_0.wav
-584.3163,31.572376,-12.131372,26.947296,-10.43036,4.444354,-10.076174,2.6895792,-4.6422515,6.9255576,-0.85515165,2.3997948,3.0344493,243.56233,47.143604,19.553492,34.217,13.824386,13.957128,12.788302,10.602176,6.7991843,10.275151,4.4212084,6.0189724,4.669853,yes,C:\Projects\Audio_ML project\data\raw\yes\68dd409e_nohash_0.wav
-508.91418,115.42661,29.26523,42.073093,8.66072,20.485529,9.67622,21.55023,1.7444993,19.151432,2.2478473,13.226464,4.1235056,84.64509,43.21782,24.723309,22.899178,18.50343,13.03834,8.039911,7.268275,13.469233,7.77068,12.386332,10.975767,8.856626,no,C:\Projects\Audio_ML project\data\raw\no\8ff44869_nohash_1.wav
-774.9995,28.34594,-6.49012,-5.6773777,-8.488973,-4.193202,-3.2081723,-4.8304124,-6.389225,0.5992227,2.0310776,1.821043,-2.6707973,146.34544,58.981342,18.279825,12.881153,18.197508,9.262185,6.737923,10.148906,14.026387,2.980288,5.100705,5.299318,6.3660717,up,C:\Projects\Audio_ML project\data\raw\up\eb3f7d82_nohash_1.wav
-682.4733,75.262085,-10.997611,0.13357659,-19.699556,9.179935,-12.884115,-2.3913019,-9.913948,-5.105647,-5.628762,-1.759313,-8.098351,187.74194,76.02251,38.977028,24.226728,26.175709,16.2766,16.810822,6.535469,12.158831,7.8035755,8.85723,6.0808945,8.92038,no,C:\Projects\Audio_ML project\data\raw\no\31d68957_nohash_0.wav
-765.8063,54.76578,-4.0559635,21.987429,-8.558814,7.4552073,-0.6383401,4.716728,-4.8554716,15.113702,-4.8959837,12.011787,-4.1714754,196.06392,35.112545,17.32019,17.642933,20.137676,14.686816,10.817064,13.456732,8.611458,13.612098,8.719029,11.47306,10.901849,no,C:\Projects\Audio_ML project\data\raw\no\2643992f_nohash_0.wav
-643.42725,93.772934,21.24879,9.7645645,-3.2240014,0.086106434,-2.981345,-2.1069326,-0.8874115,-5.804181,0.052453194,-4.5065064,-5.434063,151.31625,106.26823,35.65288,19.199087,19.661299,9.448166,6.6477666,8.7363615,5.2139444,10.522923,5.400434,9.318799,9.244336,no,C:\Projects\Audio_ML project\data\raw\no\c1d39ce8_nohash_5.wav
-670.3438,34.42464,-12.627295,0.7167673,-16.400206,-1.647453,-13.523778,-1.4298556,-7.1759257,-5.4558687,4.527327,-4.7530212,-5.4409776,193.61923,53.622715,24.050621,15.395114,28.352077,9.124034,23.470419,9.036951,13.242651,9.747052,11.14632,8.802943,9.22831,go,C:\Projects\Audio_ML project\data\raw\go\baf01c1f_nohash_0.wav
-713.69446,85.52737,22.621742,3.9119127,7.1603737,1.5187943,4.480379,-10.503668,-2.4373326,-2.1515126,-3.7513359,8.777577,-3.0962472,113.21308,49.546715,23.379648,15.491453,18.424507,9.252978,13.240137,9.687476,9.980605,7.4616995,9.035249,8.745801,8.120998,no,C:\Projects\Audio_ML project\data\raw\no\dbb40d24_nohash_1.wav
-752.05884,70.02153,12.363733,12.987971,-0.23542686,-12.987478,3.7916973,-3.137379,-6.539161,-2.652179,-3.108326,-1.7136557,-7.8423104,165.17912,88.11485,20.78729,24.665932,10.648586,20.991978,8.563146,10.742054,9.864074,6.8959413,7.290016,10.100406,11.429859,no,C:\Projects\Audio_ML project\data\raw\no\735845ab_nohash_0.wav
-547.1786,69.365166,24.24753,3.8969574,-8.6656885,-1.4472592,-1.9981396,-7.009086,-4.0052676,-5.4354525,-4.134927,-1.1733321,-5.473331,93.6295,67.48499,30.76372,31.795664,41.55634,22.985151,16.382347,19.579533,9.726396,11.421761,11.734811,15.776536,10.873001,go,C:\Projects\Audio_ML project\data\raw\go\b8872c20_nohash_1.wav
-812.9396,58.314556,-17.297792,16.35965,-18.251215,1.777839,-6.1446967,-0.97655874,-0.9414416,-0.28751358,-2.1667356,-8.4646225,0.6685412,222.69803,76.17617,37.741955,28.265924,28.490707,8.388993,20.069536,9.083273,8.309364,4.866803,6.169934,13.805161,6.269424,go,C:\Projects\Audio_ML project\data\raw\go\e9a76b2f_nohash_3.wav
-516.51636,37.883816,-8.975866,10.930532,-18.026928,14.504905,-6.7619247,-0.20272833,-2.8767276,3.6372159,-6.984275,6.503211,-0.98533064,244.09207,32.134632,24.328043,14.182159,24.521967,16.112854,9.412162,8.279649,8.3353615,7.7965565,10.367968,9.845363,7.1038527,no,C:\Projects\Audio_ML project\data\raw\no\f4504600_nohash_1.wav
-563.1078,25.500887,-19.394121,-6.7152567,-4.7530546,-17.409477,-6.495024,-2.1484194,-1.7461015,3.4598186,-6.243566,-2.5067205,-5.5798573,199.90709,36.941303,30.419682,11.855291,8.784657,29.836695,10.117228,5.465595,3.169616,5.9884357,9.749655,6.862912,9.162587,up,C:\Projects\Audio_ML project\data\raw\up\037c445a_nohash_2.wav
-603.88385,39.882946,15.193798,9.995665,-11.394841,7.4530587,1.3022424,-4.591457,5.2782865,-4.6801944,-3.6472235,-0.9610556,0.66211045,212.34647,81.990486,36.616543,17.638945,22.716513,14.279421,15.348877,15.148909,9.493435,8.150856,8.39718,7.2912607,5.972602,stop,C:\Projects\Audio_ML project\data\raw\stop\cd7f8c1b_nohash_2.wav
-771.30945,37.944057,-2.9540226,-1.2197903,-8.369922,-5.4292827,2.6980608,-1.9999094,-2.807359,-3.587527,1.9660676,4.6044044,-3.347814,147.70737,76.24165,10.27041,9.755492,18.35243,12.375537,6.9194446,7.087596,8.052444,8.241121,5.1194654,9.542867,8.4897785,up,C:\Projects\Audio_ML project\data\raw\up\735845ab_nohash_0.wav
-705.17993,56.234074,-0.6361437,1.7479509,3.837493,6.436991,2.0962496,-10.699827,-4.7684693,-8.059239,-10.427471,-6.6688724,-6.7499332,159.31364,65.60528,25.962093,14.397335,8.141818,10.323502,6.29035,17.310778,14.454874,10.260146,11.861064,9.251112,8.777085,no,C:\Projects\Audio_ML project\data\raw\no\7117fb6d_nohash_1.wav
-670.52454,70.93998,-2.9732258,10.733788,-11.187609,-2.360093,-4.221448,-4.170012,-7.210926,3.7107694,-3.1029522,-1.7329344,0.10326892,216.70593,83.41387,30.223183,16.251902,16.86421,7.9952025,13.223646,12.312211,10.690174,8.942111,8.3303175,5.671751,5.951526,go,C:\Projects\Audio_ML project\data\raw\go\ad1429cf_nohash_0.wav
-682.845,26.508938,-16.98513,11.568596,-11.670201,-5.236921,-6.7119093,-0.79962605,-1.9609516,-2.7107651,-5.1960835,-1.7311144,-3.0316956,188.1568,44.722385,33.71473,26.405178,22.18307,11.542481,13.151582,7.076289,11.261917,6.1960225,10.015149,8.163022,5.837071,yes,C:\Projects\Audio_ML project\data\raw\yes\c103a2d5_nohash_0.wav
-653.8532,23.686878,-5.591698,1.2444202,-21.982805,8.327001,-8.14781,3.3991885,-11.254792,6.6664433,-6.470275,3.207076,-6.4220243,231.67165,85.38465,32.921333,14.250502,26.260424,14.072118,17.831491,11.646331,13.492105,8.95873,10.510585,8.840633,8.142707,stop,C:\Projects\Audio_ML project\data\raw\stop\1fe4c891_nohash_1.wav
-553.50055,79.83398,9.54929,-8.954764,-13.980058,0.6277974,-2.2645545,-9.466765,-4.0569983,-4.0025654,-1.2109025,2.1971598,-2.8588634,142.89629,108.46231,26.080124,22.497377,23.817196,11.168011,4.9059253,17.710274,7.5065393,9.480206,5.7342815,9.007484,6.897338,no,C:\Projects\Audio_ML project\data\raw\no\b8872c20_nohash_0.wav
-759.29456,90.36817,19.701431,16.684189,-2.9430044,16.133745,10.360214,15.444788,0.8628168,8.78799,-5.774239,5.9758897,-1.2558662,127.03776,34.274277,15.801767,11.893729,12.003791,9.471063,8.725819,13.443045,4.826353,8.4645,5.495239,8.657343,6.0881314,up,C:\Projects\Audio_ML project\data\raw\up\f0edc767_nohash_0.wav
-627.21875,37.833935,-22.355886,10.810615,-13.766514,-4.8467827,-12.684878,-4.0824847,-1.8697964,-0.73438966,-4.509879,-2.9660697,-7.1606154,200.80788,51.524147,34.369545,17.587784,21.605738,8.702065,19.811506,7.521781,5.3981686,5.6126685,7.527684,7.48159,10.946652,go,C:\Projects\Audio_ML project\data\raw\go\c103a2d5_nohash_0.wav
-616.2929,34.396103,-29.032003,-14.113424,-19.79706,-7.6980047,-4.477384,2.2555299,-9.769266,-5.6954846,-1.1180862,8.641763,-9.148242,177.88763,51.96242,42.54774,22.458973,30.036627,12.798006,7.40199,5.5852437,15.399438,9.904229,6.685247,14.341004,15.992481,up,C:\Projects\Audio_ML project\data\raw\up\00b01445_nohash_1.wav
-426.9085,121.510605,27.491417,25.191572,-5.222578,5.0070877,4.7512007,-4.0637383,1.8679696,0.32724696,-2.9582388,3.551026,-5.0260572,178.47374,107.03933,51.962364,28.706127,20.75657,18.43257,10.766239,9.579891,14.278592,7.117321,7.178454,9.725831,8.463897,stop,C:\Projects\Audio_ML project\data\raw\stop\c1d39ce8_nohash_5.wav
-793.69104,78.088974,13.302744,-4.2420144,-12.028518,-5.784154,-8.773108,-8.242443,-12.4297285,-5.4985766,-6.109587,-6.634326,-3.5198777,151.4218,81.3842,17.740984,17.586147,21.895735,11.335923,13.235891,11.242192,14.727354,8.760508,8.380501,8.120631,6.233705,no,C:\Projects\Audio_ML project\data\raw\no\1b4c9b89_nohash_0.wav
-632.08435,22.69744,-15.5092,-11.868459,-8.6311655,-7.894427,-5.5377226,-4.855198,-1.9376054,6.209545,-4.465432,-2.3515265,-9.869769,204.00525,39.720497,36.922024,23.532074,19.51909,12.236655,15.850857,10.5833,7.9131165,10.1118965,9.366786,7.5409126,16.42026,stop,C:\Projects\Audio_ML project\data\raw\stop\7ff4fc72_nohash_0.wav
-776.6312,65.87842,9.13658,12.16853,-0.9005096,-12.298297,2.779008,-3.7329757,-5.2219434,-2.8385189,-4.120557,-1.259576,-5.176517,187.00514,87.18577,17.522398,24.099466,12.634695,20.875362,8.988862,10.605885,8.245248,7.573273,6.8983088,8.080354,9.499143,no,C:\Projects\Audio_ML project\data\raw\no\735845ab_nohash_3.wav
-419.78305,78.623055,15.412952,45.580627,6.799245,23.971579,3.4683664,20.181913,8.130547,16.482883,5.879899,16.849714,8.879393,120.195915,23.840605,32.877724,19.089794,17.166533,12.247449,15.308608,14.115889,10.021384,10.586252,8.622546,7.386567,6.1630297,yes,C:\Projects\Audio_ML project\data\raw\yes\ee4a907f_nohash_0.wav
-635.4532,78.93165,-12.361774,5.768592,-7.4808445,8.287759,-12.05455,2.4179225,-6.8904295,-3.473843,-13.039423,-5.77386,-0.9749889,200.82114,78.920525,26.812908,20.793472,17.66529,15.092292,19.109324,5.3305726,11.145719,6.6220813,15.278624,9.9517355,6.1769996,no,C:\Projects\Audio_ML project\data\raw\no\81a345a3_nohash_0.wav
-552.5678,57.48035,13.402216,8.767698,-2.793034,-1.7998053,-3.86701,-5.1091094,-3.270173,-6.42995,4.148901,2.6649761,-5.302962,200.6955,73.124016,26.203318,17.4439,13.846955,7.5916376,11.703541,11.953786,8.70557,9.931097,9.372029,6.604914,9.041083,go,C:\Projects\Audio_ML project\data\raw\go\b87bdb22_nohash_0.wav
-714.1397,31.78295,-22.808256,-1.9586954,-11.192449,5.1568117,5.937252,1.8040195,-4.7479324,6.082146,2.6444452,-0.7911195,-2.5789804,169.45345,52.965282,40.67524,7.0484366,22.125862,10.124094,12.177329,4.8751163,10.090112,10.290194,6.374826,3.5824711,5.3221965,up,C:\Projects\Audio_ML project\data\raw\up\ab81c9c8_nohash_1.wav
-824.6111,31.007177,-8.554727,22.891169,-9.697289,5.907899,-10.617321,-0.85215616,0.817861,2.1509056,-2.8814363,2.3253438,-4.4497046,224.26302,50.56404,29.295889,37.716885,16.123255,10.289282,18.824915,10.742038,5.3042984,11.54824,6.2082677,6.1479597,7.988947,yes,C:\Projects\Audio_ML project\data\raw\yes\e07dd7d4_nohash_1.wav
-822.1037,20.144468,10.097509,8.210737,-19.09729,-6.3798027,1.6480815,-8.722957,-3.0811121,0.30077782,0.84427357,6.079787,-4.970334,171.39934,87.428856,15.609194,18.134195,26.654165,13.840065,10.83451,15.351334,9.182456,4.650262,6.4706635,10.309088,9.535279,stop,C:\Projects\Audio_ML project\data\raw\stop\735845ab_nohash_3.wav
-653.9647,55.91823,-8.138997,-9.368837,-19.671541,-6.9147196,-8.029113,-8.368123,-8.512806,2.14248,-22.923712,2.452713,-7.905703,187.50888,66.92653,33.193203,24.350367,25.961334,15.855122,10.684086,13.569482,11.891232,15.802599,28.268158,12.637859,10.758882,no,C:\Projects\Audio_ML project\data\raw\no\b00dff7e_nohash_0.wav
-676.1477,74.78439,-1.9712698,20.050837,-10.022485,-5.449362,1.7180164,-4.720924,-2.593141,3.6677487,-8.680809,-1.9966162,-1.0201396,202.3665,84.162224,33.172054,27.48905,13.167491,10.945399,8.610619,12.057851,8.654316,10.037935,12.834027,10.732537,6.0995245,no,C:\Projects\Audio_ML project\data\raw\no\ad1429cf_nohash_0.wav
-594.2881,79.77646,-21.53272,1.5754453,-14.487068,6.4173727,-4.5037894,-11.793686,1.9727299,-8.9782505,-0.40926397,1.7897519,-0.53613406,209.86792,87.55538,32.182034,23.77569,24.802925,14.711074,14.4274845,17.803932,7.489009,12.903569,4.1908045,6.127862,4.8508263,no,C:\Projects\Audio_ML project\data\raw\no\ffa76c4a_nohash_0.wav
-691.8761,64.69505,6.961796,-2.1339138,-6.3680506,14.027493,-1.6470159,8.484226,-2.153003,10.031251,2.1506546,5.635442,-2.5142734,198.71251,76.58699,11.17406,21.29872,18.632338,14.092518,7.201606,11.10079,5.928762,10.491697,5.3395042,7.598125,5.812191,stop,C:\Projects\Audio_ML project\data\raw\stop\4c77947d_nohash_1.wav
-639.806,6.7836404,16.40847,18.829426,-0.5153931,-0.49022081,-8.811407,-3.3609958,-0.193946,-2.6478145,-2.7013853,-0.6567112,-1.3602816,202.90863,48.298584,32.60104,43.439014,19.08883,11.713447,16.158466,13.819631,6.5188284,13.424862,6.7524147,8.250465,12.002462,yes,C:\Projects\Audio_ML project\data\raw\yes\cd7f8c1b_nohash_2.wav
-484.38144,85.780106,1.4694376,7.2864976,-5.9796934,-1.3168406,-0.10123752,0.042805504,-3.050387,1.957183,-0.55014,3.6207983,-0.8350517,223.43701,90.03365,38.35976,19.801573,14.058635,9.613641,8.580216,7.707965,7.5237813,5.480217,6.77421,7.8313303,5.1914005,up,C:\Projects\Audio_ML project\data\raw\up\c1d39ce8_nohash_5.wav
-584.6248,89.6527,11.423801,4.964927,-11.384318,-5.556327,3.495103,-1.956868,-2.6358545,-11.277883,2.925558,-3.470858,-7.9194627,175.5775,103.03402,25.361708,14.153522,20.774845,13.977937,6.5230656,7.602494,6.9516044,17.39711,6.5906587,8.689719,9.335953,go,C:\Projects\Audio_ML project\data\raw\go\9aa21fa9_nohash_2.wav
-723.53735,42.81469,-3.1041348,5.7407293,-8.081138,8.353893,2.59148,4.0317664,-4.157362,6.9266105,0.86047727,6.004243,-3.8550208,236.8669,65.19232,32.087376,8.086233,22.385012,11.162008,12.426562,10.125645,7.491943,8.710936,4.806074,8.664872,9.802994,stop,C:\Projects\Audio_ML project\data\raw\stop\82c6d220_nohash_1.wav
-470.0376,120.5492,3.1664264,26.454836,-11.074424,18.29969,1.0825021,10.856153,-7.679957,0.7391897,-11.477543,-6.5318513,-4.8754635,91.32555,25.422543,21.106846,19.542353,23.548317,14.500457,10.31376,8.235662,8.84989,7.377975,7.368458,11.641661,6.2222195,no,C:\Projects\Audio_ML project\data\raw\no\3852fca2_nohash_0.wav
-777.9187,37.617744,9.846703,8.557072,-15.964252,-10.723288,-7.47677,3.6552458,-9.128932,2.545022,-2.5703359,3.8219397,-4.9530554,194.82407,58.527424,26.009027,16.768488,28.042965,20.973763,16.045122,11.906378,16.545273,6.7502594,7.217048,8.992106,9.326287,go,C:\Projects\Audio_ML project\data\raw\go\1ecfb537_nohash_2.wav
-572.35986,42.20383,-16.973745,-6.023536,-12.874006,0.9512072,-1.3284929,-6.8245926,-2.5791802,-0.97128904,1.7010806,0.51372737,-0.20688151,159.84433,68.43529,33.40343,14.190343,24.014881,6.896389,15.550887,13.013177,7.2493787,5.761785,6.890304,4.153158,6.6660852,stop,C:\Projects\Audio_ML project\data\raw\stop\ffa76c4a_nohash_1.wav
-647.52344,56.017166,-24.25269,-9.322063,-5.177101,-8.155699,0.08698914,1.6144189,-11.422947,8.815974,-2.718657,-3.0016615,-4.209514,185.48804,78.89393,40.76328,18.200811,9.587233,15.616174,7.6747713,11.199439,20.720419,16.782602,8.507374,6.066704,8.6336,stop,C:\Projects\Audio_ML project\data\raw\stop\9587481f_nohash_0.wav
-598.91766,91.512665,-10.972506,7.299622,-10.722123,-17.084536,2.3502765,-7.7221518,-16.126743,0.53360057,-7.8856854,-1.4860752,-4.898017,186.5635,91.280464,31.813307,10.656245,20.194607,21.897089,13.380564,11.4593,20.824432,10.06257,8.911016,10.403479,8.786897,go,C:\Projects\Audio_ML project\data\raw\go\9587481f_nohash_0.wav
-577.9747,77.61128,8.492441,0.6201915,-24.418919,-0.5719107,-2.2134001,-7.075632,-6.305134,-15.816426,3.0182786,-1.6298814,4.3172526,155.36948,90.287056,23.950617,5.529431,34.805103,9.572879,5.879396,9.549396,9.978154,22.874063,13.224001,5.8280773,8.681103,go,C:\Projects\Audio_ML project\data\raw\go\ffa76c4a_nohash_0.wav
-719.00433,27.291763,-3.0757148,1.3064847,-9.658969,7.973726,-2.51008,7.012243,-5.082851,6.4399557,1.2801418,4.061945,-1.8643839,232.23572,54.95093,16.103783,18.119833,20.175049,9.354981,10.498956,11.476673,7.086488,7.90636,7.365883,5.6837893,8.564487,stop,C:\Projects\Audio_ML project\data\raw\stop\44b5720d_nohash_0.wav
-539.37726,59.572655,2.496241,13.190428,7.8513546,7.1064906,0.3126951,2.3101337,1.7415957,1.560056,2.1421945,5.889186,0.5947162,172.50208,79.99639,17.854511,21.593363,14.237335,10.581479,9.806511,8.236592,8.227409,7.6633797,7.9206443,9.202703,5.014263,go,C:\Projects\Audio_ML project\data\raw\go\95218ce8_nohash_0.wav
-570.90515,38.103756,-25.481956,-7.74015,-13.689889,-0.66509515,-2.4793584,-3.8070285,-2.4339056,2.873648,-6.2201133,-4.4520655,-4.9769607,207.07985,58.58921,44.416443,14.808745,22.973778,7.396923,11.169727,8.119103,5.8991623,6.7877264,10.087066,8.402534,8.681597,stop,C:\Projects\Audio_ML project\data\raw\stop\5ba724a7_nohash_0.wav
-650.4901,62.2917,22.25139,7.6600375,-4.203251,2.2024245,5.2065544,-2.1575918,-2.782781,-6.778046,-4.4047346,-2.654073,-4.025822,137.64587,85.614716,32.462753,20.485704,13.949568,13.7899065,10.89081,5.624545,9.23423,12.2200985,10.981034,6.523304,8.28843,go,C:\Projects\Audio_ML project\data\raw\go\cd7f8c1b_nohash_2.wav
-817.1273,55.570408,3.3323762,10.670985,-17.887302,-6.199987,8.5662,-9.504437,-7.0307803,0.20289934,-5.5777683,3.0690525,0.89210546,153.69856,91.45878,18.222591,22.500254,29.651155,15.471299,16.698536,16.390924,14.474027,7.408936,10.139707,6.604052,4.3644204,stop,C:\Projects\Audio_ML project\data\raw\stop\cb2929ce_nohash_4.wav
-544.67566,75.67806,24.43945,12.360434,19.75599,4.5157566,-10.880427,14.2184515,-11.309571,11.216543,-7.1045523,-0.5766907,3.2380898,175.17078,78.494514,39.42835,21.195238,16.35216,13.44091,17.358519,11.029169,16.388462,12.275931,12.412789,8.063709,5.856982,yes,C:\Projects\Audio_ML project\data\raw\yes\652b3da7_nohash_0.wav
-727.02246,75.571724,-6.2814574,7.8037686,-7.8992195,-13.408198,-11.048644,-2.4268932,-9.586966,9.629542,-8.045244,-1.6531405,-1.4760437,213.41339,80.71231,30.114471,23.159565,22.0057,16.808943,15.326506,8.633767,16.334316,14.969785,11.3189945,8.331466,5.9686475,no,C:\Projects\Audio_ML project\data\raw\no\f804cbb3_nohash_1.wav
-772.4002,53.947277,-0.05844092,9.935901,-2.029442,3.8266375,0.3578906,0.2877296,0.5487765,2.7722685,1.5033393,1.4137846,-1.3601056,221.11496,74.003944,20.133005,18.672523,9.079607,10.013455,7.990658,8.307708,10.20314,9.547491,6.5709634,5.824028,4.6283555,no,C:\Projects\Audio_ML project\data\raw\no\6ac35824_nohash_1.wav
-503.04575,90.67366,-1.5591174,-1.7353905,-10.822576,-5.1817794,-24.313875,-3.9699187,-17.459875,-9.423009,-0.03427975,-2.5000577,-10.372985,171.16374,85.71955,18.385437,11.818114,15.352303,8.498364,29.97566,6.425775,19.951767,13.82788,12.532207,6.4822917,11.63975,go,C:\Projects\Audio_ML project\data\raw\go\ac899eb7_nohash_2.wav
-725.30774,34.563293,2.3424668,-1.0061715,-8.643074,-3.3932588,-0.0408974,-4.3247557,-4.7047644,-1.5622287,1.8627126,3.0264158,-3.72881,153.09352,69.92525,10.13418,4.8434925,17.09411,8.633965,5.5641685,9.399117,11.046304,5.373132,4.553573,6.772861,7.215926,stop,C:\Projects\Audio_ML project\data\raw\stop\735845ab_nohash_0.wav
-715.9016,24.20171,-18.782902,-12.030864,-8.531504,-1.7500465,1.4418103,-3.7779768,-4.4752245,1.3650001,-4.37677,-5.6019626,-4.0509663,178.92064,45.666218,38.4396,23.194704,17.734411,5.542637,5.469672,7.8045917,9.350505,5.5407023,9.548084,10.82063,7.743472,up,C:\Projects\Audio_ML project\data\raw\up\5ac04a92_nohash_0.wav
-549.225,35.15179,10.997701,2.2522473,9.570431,27.757998,-3.8115666,29.987598,-4.89478,25.534517,1.0656095,11.701921,2.620317,213.67238,78.22693,61.864597,25.524714,19.809668,17.021362,34.23526,20.659178,22.705992,13.952448,13.429035,14.23701,12.303384,stop,C:\Projects\Audio_ML project\data\raw\stop\e77d88fc_nohash_1.wav
-678.23846,34.994892,-2.8647008,21.823296,-10.146114,2.5938413,-9.712797,-4.3781505,-5.39537,1.1188108,-1.017916,-6.7635546,0.92519027,193.20325,55.81375,32.00462,44.28086,19.558987,10.056628,17.694214,12.692871,11.552385,8.807169,7.1041985,10.865639,8.254598,yes,C:\Projects\Audio_ML project\data\raw\yes\ad89eb1e_nohash_1.wav
-720.95154,61.934555,6.408512,10.504744,-11.434198,-21.849606,-4.76644,7.4386992,-10.444291,-0.975059,-2.438348,1.709503,-5.363683,173.22087,78.82287,25.580856,21.094416,26.981628,27.699316,11.018744,11.265992,16.907915,17.676462,6.64284,9.398273,8.743373,no,C:\Projects\Audio_ML project\data\raw\no\1ecfb537_nohash_2.wav
-569.2917,84.70073,3.6326451,17.865852,5.2723145,0.943647,-5.2164903,6.278215,-6.763208,6.561532,0.5260322,-1.5183585,-3.3567867,164.78204,57.689964,20.481358,16.964506,16.95487,14.679034,12.355832,8.791925,12.353909,7.88611,6.350319,5.363528,6.3094144,yes,C:\Projects\Audio_ML project\data\raw\yes\ea1f888c_nohash_0.wav
-690.9877,25.775845,-6.553014,-2.274352,-6.473901,-0.668603,-4.733468,-0.07956989,3.9379973,0.7502474,-2.829195,-2.3326893,-3.7393382,161.55045,49.203842,16.745314,9.265917,14.322901,2.5780158,11.6517725,2.6680584,8.85463,4.5542083,5.8640094,4.957104,8.6332855,up,C:\Projects\Audio_ML project\data\raw\up\50f55535_nohash_0.wav
-597.1491,21.359522,-14.173028,2.171193,-9.68065,-14.943147,-2.249099,1.3695391,-1.1712579,-3.9602368,-7.303742,-2.2104871,-2.943056,249.53079,32.99697,36.879223,28.220028,15.300386,20.716337,5.2061586,10.34154,5.9694896,11.118301,11.079036,8.411959,6.214327,yes,C:\Projects\Audio_ML project\data\raw\yes\11321027_nohash_0.wav
-784.2753,65.14899,-8.261066,-6.075818,-15.935014,5.363092,-7.3848577,-0.939387,-8.811637,0.30031955,-5.5946217,-8.068947,-7.032005,190.6834,78.65557,20.722267,17.85084,23.104977,11.903385,16.156763,11.10665,11.942795,7.0720987,8.747575,11.7367325,9.775289,go,C:\Projects\Audio_ML project\data\raw\go\9f63152b_nohash_2.wav
-453.08167,96.8273,20.320917,42.187305,18.498253,20.703436,6.053033,15.2882395,5.953447,20.395542,9.212232,19.103817,7.697817,124.85942,42.726337,22.71654,17.883461,11.551674,17.03713,15.530053,15.196828,7.909421,11.6274185,9.841448,9.231407,7.2155232,go,C:\Projects\Audio_ML project\data\raw\go\778a4a01_nohash_0.wav
-635.20953,67.38802,-19.13892,-8.4557,-10.536964,-3.5528958,-19.336689,-7.198188,-5.665119,6.8655767,-11.6482725,-12.689126,-0.61964613,196.6456,78.70064,28.611074,15.694305,18.409388,11.521622,24.255836,9.6473,9.597716,11.56752,16.214008,16.778074,7.414303,go,C:\Projects\Audio_ML project\data\raw\go\6a27a9bf_nohash_0.wav
-596.56964,104.48526,-10.108987,12.701294,-6.9364095,-21.989843,7.4275436,-10.905536,-17.55159,3.2684634,-6.05586,-4.4174886,-7.5895047,190.38475,91.99805,41.800922,24.290813,15.852072,24.094913,12.169019,16.325699,19.014408,10.215001,8.452536,10.436847,13.391993,no,C:\Projects\Audio_ML project\data\raw\no\9587481f_nohash_0.wav
-477.2713,75.933205,3.037184,17.206911,-18.289154,-10.143954,-0.42977995,-11.774848,-5.684954,2.8913605,-7.140991,-2.9876893,-8.037267,226.7063,75.483536,19.65483,23.110643,33.433228,12.738217,11.456059,17.912,11.628837,14.694093,11.444597,8.804172,11.820104,no,C:\Projects\Audio_ML project\data\raw\no\7e4fa1d8_nohash_0.wav
-792.1161,41.425537,1.5509427,2.9222732,0.5473318,-1.749307,-0.22010289,-1.3877476,-2.1162772,1.6393349,-4.3358436,3.2751498,-4.756251,178.83275,70.24714,15.107948,11.394573,13.235348,7.289507,5.265989,6.4799385,5.02631,6.854546,9.304467,10.497409,10.323864,no,C:\Projects\Audio_ML project\data\raw\no\c6ee87a7_nohash_3.wav
-744.6657,47.50789,-16.986708,5.8316164,-17.709011,1.17073,-6.9567976,-4.6148477,-4.2367787,-3.0308259,-1.8653104,-10.0821495,3.197251,193.81396,72.45471,32.83282,17.528042,30.510345,7.409984,14.678378,10.063599,8.536477,7.3335567,4.347791,16.435467,6.918183,go,C:\Projects\Audio_ML project\data\raw\go\ec74a8a5_nohash_0.wav
-464.87357,73.315445,-0.8945243,39.678734,-27.473934,-6.1133747,6.205712,7.060591,-13.456629,8.452196,-8.717343,3.0098128,-6.610562,224.32707,51.634884,22.283224,27.241686,29.075003,17.15276,9.750302,10.023138,17.59202,11.69061,10.174929,8.809252,8.998633,no,C:\Projects\Audio_ML project\data\raw\no\e55a2b20_nohash_0.wav
-783.4568,36.962498,-17.996292,0.7286078,-8.453115,2.1048725,-9.394265,0.30707583,4.6678324,-3.20173,-7.486245,-1.8184707,-2.745985,184.29526,60.573143,32.899406,7.6289706,22.317726,6.706224,16.659384,5.942177,9.351514,7.805257,11.726985,4.6220946,6.7667084,up,C:\Projects\Audio_ML project\data\raw\up\66cbe2b3_nohash_3.wav
-531.4679,12.6160345,29.080564,-1.190294,-16.39163,-11.619331,-14.937739,-2.9078388,-13.333637,-1.1579953,-4.2649403,-8.197147,-2.3665795,154.64305,68.98342,46.0178,35.443874,34.2801,14.177238,13.421816,12.676662,15.138975,10.308086,9.196628,10.412837,10.687906,yes,C:\Projects\Audio_ML project\data\raw\yes\1b4c9b89_nohash_0.wav
-698.58606,43.930847,-11.189612,13.362125,-9.405016,-5.5499644,1.3913516,2.1071792,-1.9555254,0.5247311,0.039164938,4.2557063,-3.2772121,222.51428,64.76456,22.308596,18.920862,19.949232,14.574372,9.196133,10.772319,8.991589,5.253362,4.157486,10.193229,6.4913564,go,C:\Projects\Audio_ML project\data\raw\go\ca48dc76_nohash_1.wav
-479.57837,131.41344,18.252926,24.246117,5.3600774,2.5226083,14.001345,9.428791,1.1226038,-3.5924394,-1.1386251,3.2714558,-0.93213594,118.53164,76.381454,16.109432,15.389997,26.384151,16.265413,10.889992,13.58864,12.876197,14.685034,8.184982,9.894448,8.3287325,no,C:\Projects\Audio_ML project\data\raw\no\106a6183_nohash_0.wav
-907.9382,44.419266,11.083051,5.72382,7.931697,1.5430168,6.1835375,-1.8067318,-2.3510733,-1.3339432,-3.399402,-2.755423,-2.6176221,190.51967,57.195286,18.704838,11.281368,12.861573,6.8692846,8.597258,5.740909,6.5045643,6.07482,6.654391,5.9485903,6.604772,yes,C:\Projects\Audio_ML project\data\raw\yes\dbb40d24_nohash_1.wav
-602.8802,5.948838,7.2842345,-9.495433,-18.765903,-0.750922,-14.679583,6.7566085,-10.0087,1.1193296,-16.235363,1.8828554,-9.832861,191.09007,63.57396,46.5909,34.800865,33.302223,10.630922,16.295845,13.756306,11.1497965,9.347803,16.043167,11.723292,11.769467,yes,C:\Projects\Audio_ML project\data\raw\yes\6a27a9bf_nohash_0.wav
-612.1266,52.447514,14.213936,2.618173,-11.957726,-7.819418,4.9195886,-1.4727869,0.0031490023,-6.3430514,-5.5990777,0.36440694,-9.061916,166.16548,75.7934,24.405748,9.346861,22.163633,23.524052,9.068811,10.143714,6.3132577,12.592445,10.237603,7.8987017,14.931862,go,C:\Projects\Audio_ML project\data\raw\go\28e47b1a_nohash_3.wav
-555.8634,60.15286,10.13836,9.076177,-3.7136426,-5.12301,3.990682,-5.3947396,-0.9624548,-5.371308,2.3778563,-0.59483546,-6.148412,193.26474,78.062454,23.282753,22.867256,18.957718,12.171762,11.6477375,12.49652,6.8814497,10.089642,7.579512,7.029744,13.033061,no,C:\Projects\Audio_ML project\data\raw\no\b87bdb22_nohash_0.wav
-649.1715,19.219158,-12.888467,-22.294416,-7.8359485,-1.1397806,-3.1249542,-0.38064346,-10.353578,9.927748,-10.081013,-3.9015338,-5.932647,152.03606,35.433098,24.945627,40.773575,14.6291275,7.2753077,6.0126653,2.7594779,19.71955,18.711803,19.379524,7.8727546,11.336511,up,C:\Projects\Audio_ML project\data\raw\up\b00dff7e_nohash_0.wav
-593.94745,81.863434,2.5579562,16.562206,-20.011936,0.11558546,-11.036854,7.7511506,-5.0632133,6.645433,-7.8908257,6.355041,-2.8006685,38.60139,28.311804,9.61503,10.260331,9.75254,6.7967715,6.2097783,4.709108,4.923534,6.512937,5.9521437,5.930779,5.237748,stop,C:\Projects\Audio_ML project\data\raw\stop\f9ebdba0_nohash_0.wav
-768.11694,48.804173,-4.72796,9.755875,-11.092933,5.2889314,-6.771792,0.73503345,-12.637531,-4.071724,-6.454917,-9.181151,-9.227242,191.77898,43.14921,36.08448,10.23151,29.638584,11.980105,12.222337,9.50051,12.184667,11.152518,9.994873,7.891888,4.887291,up,C:\Projects\Audio_ML project\data\raw\up\baf01c1f_nohash_0.wav
-577.78076,93.188866,-16.82682,9.1864,1.8132089,-6.1064057,-1.7951638,-4.140187,0.00926705,2.8265595,-5.66637,3.5807965,-0.90691507,199.18839,80.251884,18.970568,15.309329,9.579748,17.813425,8.335551,10.267905,9.340011,8.952139,10.697051,5.9303746,5.267166,no,C:\Projects\Audio_ML project\data\raw\no\ff21fb59_nohash_0.wav
-673.256,49.028107,-25.248789,-2.270051,-2.4002683,8.328249,7.8713675,-0.28079617,0.43146962,4.443769,-0.09716103,-1.5022135,-0.42310104,181.59853,72.72249,44.98617,11.638704,13.915914,13.418324,15.240023,7.9324126,3.5040622,7.0295954,4.810969,6.3008547,6.1476393,stop,C:\Projects\Audio_ML project\data\raw\stop\fc2411fe_nohash_0.wav
-607.2935,38.032566,-1.295229,-4.4125767,-13.028765,1.2495822,5.1515193,1.191001,-5.897222,6.0336804,1.5663699,0.79386634,-2.1306825,164.62828,63.925526,12.385996,11.431267,27.545397,4.8707023,10.817901,5.8591466,16.215921,12.550085,6.630542,4.2600784,6.0821104,up,C:\Projects\Audio_ML project\data\raw\up\1b88bf70_nohash_0.wav
-778.36285,60.7357,17.393894,8.973415,-3.104636,-9.1880455,-10.638199,-0.8674281,-13.938779,9.733939,-14.68634,3.810286,-5.159578,220.76328,63.685154,31.63744,21.944891,14.101799,13.36149,11.613067,8.731064,17.249886,16.515753,17.069242,8.459252,10.878636,no,C:\Projects\Audio_ML project\data\raw\no\747e69fd_nohash_1.wav
-662.16,30.855097,-10.824255,0.19992743,-7.481961,-6.722986,-10.186785,-6.5258656,-7.9773927,-3.1647818,-2.1923718,1.5790647,-3.751086,172.90689,55.121395,25.496584,8.921921,16.12926,11.688393,17.52278,13.004167,13.710825,6.958073,7.215292,6.336604,8.730614,go,C:\Projects\Audio_ML project\data\raw\go\eb3f7d82_nohash_1.wav
-614.7611,117.53564,21.877035,9.270154,-18.675205,2.2430973,-4.168027,-2.896035,-2.4196095,-1.4033148,-5.100167,0.82608044,-1.4301579,178.92151,94.90228,26.42944,18.7306,28.787325,9.801872,8.317228,9.454426,10.1971245,6.3317103,9.383648,5.298745,6.1628523,no,C:\Projects\Audio_ML project\data\raw\no\750e3e75_nohash_0.wav
-706.9464,25.576187,-5.8972,-3.639282,-13.812226,5.4299426,0.010240888,-1.9713907,2.9608316,4.393187,-1.0024383,-0.4469726,-3.2213988,174.77911,42.688454,10.39755,8.704451,27.458103,10.161775,3.3777637,8.887776,6.172367,8.53038,4.921997,5.1200767,6.287155,up,C:\Projects\Audio_ML project\data\raw\up\66774579_nohash_1.wav
-623.4133,35.78789,-11.119344,-2.9133425,-8.72213,3.803689,3.8148155,-1.7805471,-0.037822586,0.73054236,-3.3698275,0.35659558,-2.4641602,158.23369,63.908676,31.775103,11.33344,20.073635,8.285725,12.803287,7.346416,4.1718783,4.643733,7.9661684,4.0414205,5.9303255,stop,C:\Projects\Audio_ML project\data\raw\stop\e99d36c8_nohash_1.wav
-756.90576,106.51818,7.3400936,-5.2375555,-7.2557383,-8.277404,-5.044909,-5.45767,-3.2787578,-11.286497,-15.337825,0.7128356,-3.9079528,162.44789,116.793144,48.917557,35.320713,16.285837,21.177107,14.910184,15.604311,12.697833,15.933049,19.894001,13.996784,8.763828,no,C:\Projects\Audio_ML project\data\raw\no\48bdc11c_nohash_0.wav
-577.54315,46.46049,-0.85023224,-9.933368,-12.866376,-4.6400366,-1.6231962,-5.98587,-1.8839233,-4.0456257,-0.2721611,8.877746,-0.94201654,118.80285,84.11252,20.887733,21.934572,27.003931,9.85901,8.656226,11.823332,7.349908,9.092147,6.755876,19.311296,5.1645803,go,C:\Projects\Audio_ML project\data\raw\go\b8872c20_nohash_0.wav
-512.5797,48.534267,4.906441,37.1213,-3.1173842,14.557913,-2.8854682,18.050837,2.319859,18.323042,0.42520985,13.108048,3.80357,150.62793,50.907257,40.136356,33.994694,15.786447,19.143581,15.688055,16.502716,10.903248,12.818231,11.252756,9.618321,7.9705944,yes,C:\Projects\Audio_ML project\data\raw\yes\f9af0887_nohash_1.wav
-669.6448,57.12186,11.481995,15.532965,-0.044859234,-3.08948,-12.859485,-0.43551716,-8.643713,-1.3411365,-2.7183087,1.5699763,-7.3263154,182.09726,80.67289,19.136549,27.517565,14.211203,15.162741,22.586983,8.225331,13.203597,6.880018,7.569972,6.116063,11.375343,no,C:\Projects\Audio_ML project\data\raw\no\7195ffa6_nohash_0.wav
-638.8136,18.027342,-0.22665212,-18.406277,-13.088882,-0.31133956,-16.45602,-4.805021,-4.788598,-1.3967626,-8.539902,-10.693106,-6.9081874,184.309,92.33349,41.18916,23.66506,24.317709,12.847045,20.838154,9.452395,7.9573402,12.89132,10.939775,14.714021,7.7510133,stop,C:\Projects\Audio_ML project\data\raw\stop\6a27a9bf_nohash_0.wav
-701.4662,28.263308,-14.370496,-7.0709124,-11.065804,0.99189126,-0.2871307,1.0874028,-2.7187345,7.0710855,0.87379974,-0.2913685,-2.9971328,205.52266,44.976364,27.116192,16.482769,19.320942,3.839093,2.2441065,4.5267177,6.244214,11.798939,4.3939395,5.4894414,6.184345,up,C:\Projects\Audio_ML project\data\raw\up\5efb758c_nohash_1.wav
-626.6476,61.783154,6.415929,21.559492,-13.857832,0.5517523,-12.91631,5.891141,-2.3975224,4.2254195,-6.0343018,3.4787457,0.18074243,140.81334,35.4001,12.754061,13.045473,7.2986245,7.2030983,8.322309,5.917543,5.9848514,6.132887,7.1522284,6.170255,4.9393926,yes,C:\Projects\Audio_ML project\data\raw\yes\f9ebdba0_nohash_0.wav
-573.5614,33.721092,-27.170143,-14.255049,-8.819301,-2.6828113,-3.1207407,-4.035849,1.2152671,2.424898,-9.808695,-3.9786437,-2.4795992,154.27194,57.51184,47.663956,24.15294,16.72011,5.774225,6.194611,8.925682,4.316263,4.513645,17.796885,8.599612,7.183903,up,C:\Projects\Audio_ML project\data\raw\up\10467b06_nohash_1.wav
-642.89514,61.04462,16.03777,12.049986,-6.3782563,1.4684206,-5.0653834,-1.3340275,-3.514409,1.7654306,-1.6840631,-4.042197,-5.5137367,148.18416,79.329414,23.723927,18.733074,15.190714,10.3378315,11.143612,6.1883807,9.414375,5.9295015,6.5003896,7.6400495,8.926214,no,C:\Projects\Audio_ML project\data\raw\no\471a0925_nohash_4.wav
-714.68604,58.7734,-0.51925564,1.6612297,-18.31469,1.0998629,-8.70002,-0.1366169,-7.5249977,-2.776881,-2.1122723,-5.099126,-4.3063397,183.5565,76.70379,34.847057,22.479332,33.55145,18.91195,20.169733,12.320355,14.8698435,7.6506705,9.648783,9.949444,9.3909,no,C:\Projects\Audio_ML project\data\raw\no\e269bac0_nohash_1.wav
-605.82764,75.26693,8.678868,11.648788,3.8982615,0.3649628,4.4464273,3.8836613,-0.41857502,3.067147,0.019001825,1.374171,0.091315255,137.14766,86.55169,14.239362,16.627308,19.518064,10.077632,11.536354,9.932565,12.060527,5.932557,6.455628,6.7548566,6.4017787,stop,C:\Projects\Audio_ML project\data\raw\stop\106a6183_nohash_0.wav
-438.15295,85.92181,18.616226,30.894613,16.223524,26.298937,12.555401,21.332853,4.6782503,22.573719,8.191123,12.714636,5.6907988,135.93083,49.15164,39.852543,18.283743,12.657699,14.464957,10.733007,13.530323,8.287565,12.174503,7.713388,7.878391,8.577204,stop,C:\Projects\Audio_ML project\data\raw\stop\778a4a01_nohash_0.wav
-475.1056,27.059776,-7.023494,-24.617298,-20.89007,-4.480262,-7.805902,-19.182993,-10.704301,3.5088475,-17.002798,6.4847198,-6.6225734,184.36168,36.93458,24.03122,29.951237,27.224066,10.193982,12.541624,23.681526,13.241221,10.311,21.068474,12.438737,10.779133,go,C:\Projects\Audio_ML project\data\raw\go\17c94b23_nohash_0.wav
-630.99677,41.303493,-11.943259,-5.570492,-12.657778,-0.149211,-3.5479708,-5.1650095,-1.372447,-1.1225289,5.694918,-1.8391086,-2.5638063,151.22473,66.67849,25.027033,14.352535,23.065825,6.0797577,12.756769,10.721585,6.2959085,10.752324,10.2614155,5.714762,12.17345,stop,C:\Projects\Audio_ML project\data\raw\stop\ffa76c4a_nohash_0.wav
-509.16266,107.29794,-24.90755,1.8659277,-5.8758264,9.954244,-9.170121,-5.041085,-8.072299,-7.644056,-2.008301,-11.368029,-8.567773,117.69149,35.751236,34.16681,15.979528,31.663713,8.990951,23.742329,11.089132,9.592246,9.619894,13.446877,14.998947,10.721912,go,C:\Projects\Audio_ML project\data\raw\go\88120683_nohash_0.wav
-533.5925,81.65545,3.8149076,27.260899,-19.429195,3.45692,1.1647677,-3.0770526,0.6553121,8.359631,-2.6689053,11.928763,-6.6224675,194.52202,67.51596,18.935871,25.04771,28.056969,17.214863,12.543689,13.302927,11.854676,8.024293,7.8879576,12.609207,8.62854,go,C:\Projects\Audio_ML project\data\raw\go\d55aa56c_nohash_1.wav
-590.8464,77.703636,8.500517,8.382557,-6.2911806,2.308997,8.081198,-4.1999893,-8.612233,-3.0954075,-7.645935,-2.1402783,-10.313788,207.78128,77.94373,26.46152,15.345911,16.108782,13.557775,13.087312,11.973292,13.766729,7.0880156,10.730416,9.75334,12.41386,go,C:\Projects\Audio_ML project\data\raw\go\f33660af_nohash_0.wav
-594.92883,26.974318,-12.418248,14.538481,-15.384971,5.868318,-0.7057838,9.503942,-6.3381605,12.663608,-0.744473,3.3152003,-3.5451972,232.43245,55.83945,35.394516,20.049614,24.419815,9.177517,7.4903083,13.445114,11.616675,16.20963,5.681896,8.166995,9.014925,stop,C:\Projects\Audio_ML project\data\raw\stop\e55a2b20_nohash_1.wav
-429.17297,50.74329,1.393902,-0.47051802,-14.983627,-22.773502,-13.960626,5.754204,-14.607302,1.8182586,-8.8931,-9.294108,0.16326086,199.3827,51.810875,25.011417,37.270424,20.231783,22.770355,14.447081,9.680875,14.572298,5.132203,10.272537,12.84254,6.0153227,no,C:\Projects\Audio_ML project\data\raw\no\50d1c8e3_nohash_2.wav
-588.7708,59.636494,-31.571241,-8.780433,-14.932932,-2.6812358,-4.0553546,-4.6528087,-6.598384,0.61751896,-11.274885,0.9333818,0.7113598,193.89964,76.278595,46.30501,19.895166,25.774366,11.938225,12.147905,7.9552803,10.793701,9.163999,15.815725,7.220501,6.1342916,go,C:\Projects\Audio_ML project\data\raw\go\10467b06_nohash_1.wav
-656.3657,105.17654,31.236376,24.027758,-0.60453564,19.952656,3.1543689,9.084299,5.103621,18.863934,10.520784,10.841091,2.3784497,117.617935,60.569195,29.99615,21.276348,22.339718,10.688837,8.574924,10.078606,13.84047,10.72845,9.502091,12.205066,10.238018,stop,C:\Projects\Audio_ML project\data\raw\stop\43691f67_nohash_0.wav
-682.0843,155.15607,32.990448,30.674208,29.988888,28.715857,9.658296,17.308165,8.753039,21.345833,15.611812,14.958933,-0.6160846,76.48195,29.650455,24.218561,19.2351,18.480488,11.536598,7.3088427,8.30086,9.581036,9.925321,10.3884735,5.6787424,9.385879,up,C:\Projects\Audio_ML project\data\raw\up\1fd85ee4_nohash_0.wav
-464.90955,63.57197,13.26426,29.506365,15.720196,32.180813,8.994418,27.974625,10.290205,18.94906,-1.1994345,13.964006,2.3627083,131.51149,49.13318,41.299053,29.693888,20.054874,9.365909,10.767103,11.862493,8.162208,5.653436,10.783691,5.7515564,6.451132,stop,C:\Projects\Audio_ML project\data\raw\stop\3a789a0d_nohash_0.wav
-454.03214,53.013412,-1.9502457,53.43816,-10.949667,36.585873,-5.129488,-4.212343,10.164924,2.2878451,-2.775434,12.045974,-11.993789,46.89713,29.451649,13.437086,13.7840805,14.539897,13.233944,12.068945,9.260398,12.049106,6.7885604,8.7353735,9.864058,11.476239,no,C:\Projects\Audio_ML project\data\raw\no\5af0ca83_nohash_0.wav
-680.39325,27.201893,-13.489866,12.270065,-12.468631,-5.3153987,-6.1125245,-8.085787,-2.1116586,2.41727,-1.3097107,-2.1010704,-1.8542173,195.62039,49.879986,28.090864,23.810978,22.97624,10.278165,12.695671,14.968588,5.9868984,5.0852227,4.3813343,5.157631,5.7441516,up,C:\Projects\Audio_ML project\data\raw\up\28ce0c58_nohash_1.wav
-631.20026,5.455652,-5.594654,-10.562455,-20.011793,1.7361404,-8.834554,-1.5856197,-12.406649,2.184718,-6.222232,3.5076008,-5.8101,211.60121,74.688095,18.577044,20.320173,26.092466,7.237547,13.078105,6.016469,18.538727,6.07279,9.623146,6.373123,8.902766,stop,C:\Projects\Audio_ML project\data\raw\stop\eb3f7d82_nohash_1.wav
-662.91815,89.44864,24.951588,-4.9485173,-2.0008543,6.1723933,5.4561443,2.14901,7.5924244,18.884315,16.524132,3.5791698,0.0064727087,106.849144,91.08044,24.145054,42.879253,27.344236,16.36276,16.21751,20.484297,14.246367,12.790096,10.246381,16.681929,17.38758,up,C:\Projects\Audio_ML project\data\raw\up\61e50f62_nohash_0.wav
-594.61536,63.515858,15.522104,3.860837,-14.195494,-5.7300835,-4.784928,1.7125211,-9.088243,-2.2395608,-6.363698,0.9447151,-3.9146914,182.133,81.35916,33.601334,9.921567,24.112537,16.670174,8.541859,9.003126,18.104607,7.722948,10.225036,11.031212,6.600832,go,C:\Projects\Audio_ML project\data\raw\go\c120e80e_nohash_6.wav
-668.9904,48.575813,-29.531912,-20.031773,-22.019434,-1.384382,0.42323965,-6.2223263,-9.906263,-9.7474165,-2.65749,-2.3884814,-7.980304,169.33337,72.05775,47.477013,30.740252,36.54003,6.3793025,13.047967,9.437633,15.553341,15.260828,6.133967,7.6330423,12.772393,stop,C:\Projects\Audio_ML project\data\raw\stop\f297e878_nohash_1.wav
-637.8125,85.44711,10.134417,-15.805434,-15.765369,-3.7265012,-10.901746,-10.770248,-6.407792,-0.14085859,-5.2606583,-3.7769208,-5.8330936,138.01936,96.74139,27.321419,29.795319,29.402424,9.9733,20.726274,17.656168,11.740496,9.588051,9.0743885,6.4320717,7.7079062,go,C:\Projects\Audio_ML project\data\raw\go\9735764a_nohash_0.wav
-691.4273,20.313993,-14.865531,-2.062185,-12.504293,-4.274676,-10.171782,-1.7747071,-4.266395,9.393866,-8.256617,6.3742976,-6.9312005,193.66022,70.80631,33.29319,14.46363,24.724697,9.727885,16.038427,14.6087675,8.0924425,13.449321,13.5719385,9.765729,10.324186,stop,C:\Projects\Audio_ML project\data\raw\stop\f804cbb3_nohash_1.wav
-641.1587,42.360165,-10.29932,5.1906943,-19.086264,-1.1011411,-4.572422,-10.62339,-4.742144,1.7878411,-2.6544068,0.6509389,-0.36973268,185.06775,62.852325,31.136705,11.7426,33.501003,6.8954086,14.047347,17.425331,10.572355,6.3232794,6.337149,3.1223078,8.519972,go,C:\Projects\Audio_ML project\data\raw\go\f804cbb3_nohash_1.wav
-902.0181,20.23701,10.1113615,13.013832,-4.092703,10.563091,-5.8396697,8.654108,-3.0059552,7.0397096,-5.9864206,4.4620795,-6.1544333,7.7005777,12.127649,9.104623,7.6699905,7.7607684,7.0740657,6.8656993,7.5414352,7.252692,6.7391443,8.251518,7.380852,7.5280423,go,C:\Projects\Audio_ML project\data\raw\go\712e4d58_nohash_4.wav
-682.645,168.4182,41.785164,37.32514,28.847645,24.074455,5.447101,16.180557,4.302021,14.582083,6.5909324,13.330143,3.475034,70.22545,39.930054,27.924444,19.36821,13.522489,11.548584,9.082512,8.111694,9.271054,10.200147,7.510165,6.259393,6.6244035,no,C:\Projects\Audio_ML project\data\raw\no\1fd85ee4_nohash_0.wav
-706.96063,38.517376,7.4742975,-0.73880875,-1.1730747,0.89712095,2.9302416,-6.6018367,0.2062086,-3.3040652,-0.9291647,-3.3150737,-2.112995,162.44041,74.727974,14.788254,8.460834,14.2608,8.407631,8.86039,15.5359745,6.66478,8.731654,2.676138,9.75532,5.0893836,no,C:\Projects\Audio_ML project\data\raw\no\cd7f8c1b_nohash_2.wav
-740.1673,47.314587,-6.877738,-3.4670842,-6.7167215,-2.6035573,1.3986843,-10.791214,-7.4776907,-4.2481556,0.26682562,1.1199927,-4.218426,187.03627,72.18245,19.631065,14.894111,15.681749,8.003992,10.195154,18.551077,11.421219,8.373279,5.870046,10.028431,12.667269,go,C:\Projects\Audio_ML project\data\raw\go\1942abd7_nohash_0.wav
-576.3744,69.59865,0.70998406,6.621368,-2.667107,10.017371,1.4671282,-0.7000735,-1.4312896,3.5284119,-0.5611707,-1.816282,-9.3256235,189.81653,61.076073,14.548043,26.681316,26.95651,14.949152,7.3726163,6.80328,10.666964,10.102366,7.826092,9.541161,15.171519,up,C:\Projects\Audio_ML project\data\raw\up\471a0925_nohash_4.wav
-622.0061,35.058014,-14.90422,12.042845,-14.7129545,0.46165612,3.9536283,0.6009619,-4.800562,4.789377,1.5319297,1.750075,0.07239293,199.87593,57.970585,27.996141,18.986595,27.388708,3.9668407,7.071485,5.716319,10.832002,10.202277,4.70635,4.3528576,5.422457,up,C:\Projects\Audio_ML project\data\raw\up\e55a2b20_nohash_1.wav
-549.8428,90.50669,16.016624,26.721544,-5.3813496,21.277187,5.047415,15.729096,-3.5780141,5.1351123,2.6717622,10.395192,3.3484437,141.17691,38.916317,15.081182,14.907019,29.702412,10.257074,6.6187663,8.452101,8.50369,6.7497993,7.4440074,8.11263,7.050549,up,C:\Projects\Audio_ML project\data\raw\up\cc554de3_nohash_3.wav
-628.3167,25.443146,-8.942358,-1.0425786,-9.045176,-0.31386283,-4.161842,-3.278309,0.12549597,4.10505,-3.4417527,-4.328001,-1.0136003,183.53625,47.322075,18.39525,4.89671,17.816298,4.845699,8.907368,6.983105,2.5560248,8.007952,7.2079473,8.532018,3.93002,up,C:\Projects\Audio_ML project\data\raw\up\2ce7534c_nohash_3.wav
-455.56958,41.08782,-9.755973,42.50795,-18.808296,37.89663,-6.8727503,-3.628365,9.921275,10.305365,3.150353,9.198834,-11.946598,99.529236,48.40435,20.336811,16.671764,18.014261,13.655035,15.044968,12.774575,9.518819,9.305696,7.814331,8.641019,10.729309,stop,C:\Projects\Audio_ML project\data\raw\stop\5af0ca83_nohash_0.wav
-666.7562,167.44904,35.692303,36.89944,24.96181,24.332525,7.963497,16.724052,6.8070126,15.356132,5.351111,15.826949,0.6307341,91.86497,40.333645,34.238384,16.216387,17.081186,14.153443,12.1212,10.683571,12.147178,8.875624,7.5789275,6.845205,11.741567,go,C:\Projects\Audio_ML project\data\raw\go\1fd85ee4_nohash_0.wav
-732.26385,122.08264,-17.103132,12.019277,21.964352,25.051899,4.307406,18.603472,14.086021,17.828806,13.205788,22.697304,10.609872,57.555397,24.449297,14.346868,14.828607,16.25055,7.745734,7.1084,10.330455,7.0575404,5.138737,8.582939,7.293997,8.391378,no,C:\Projects\Audio_ML project\data\raw\no\aeb99b1c_nohash_2.wav
-610.3246,60.303146,-10.800125,13.622512,-9.388841,0.43251443,1.7849424,-2.2397916,-6.2089367,5.184285,1.1274363,0.37689343,-2.4619749,237.02277,76.9117,24.805313,19.113422,20.878492,4.7007155,8.187151,11.291525,10.628087,10.1813,5.7073946,5.7938585,5.7915616,no,C:\Projects\Audio_ML project\data\raw\no\68dd409e_nohash_0.wav
-701.12885,41.550632,-7.667597,2.6675057,-3.6446412,4.868471,-0.8694516,1.8439181,-0.51714504,-2.6617446,-8.47248,0.34044263,-6.093295,197.51418,53.765327,26.35795,15.164052,9.730906,11.088997,10.245141,9.261691,4.4643407,9.114037,12.806164,4.6460376,8.612138,no,C:\Projects\Audio_ML project\data\raw\no\fafe8101_nohash_0.wav
-809.2677,45.54466,-23.041492,-8.031852,-7.5359435,4.263419,-1.1762064,-2.1212008,-5.8436723,-3.167001,-9.604372,-4.414443,-9.891899,184.17345,70.73713,37.766277,14.4732685,11.651515,10.216856,10.325703,7.113986,9.435974,5.6433935,14.639373,7.6453357,15.988793,stop,C:\Projects\Audio_ML project\data\raw\stop\9f63152b_nohash_0.wav
-742.0961,23.324791,-21.539074,-4.6090665,-10.549133,0.24419476,-1.1213101,-2.8746574,-7.686105,-1.8469002,-8.263066,-5.4861536,-9.251264,218.13043,41.939903,46.34665,15.153847,20.02102,6.891791,12.206694,9.186447,12.59772,5.6632175,11.029866,10.940321,12.363072,stop,C:\Projects\Audio_ML project\data\raw\stop\5ac04a92_nohash_0.wav
-624.4116,42.72292,4.974862,12.064908,-12.892437,0.86026716,-7.5837793,-9.399857,-9.426791,-1.0342454,-0.60342747,-4.116337,3.1967397,151.73315,62.065464,26.070786,25.78232,30.022383,8.711291,15.113288,14.906858,15.5951,7.1258407,10.349639,9.600181,8.195127,no,C:\Projects\Audio_ML project\data\raw\no\28ce0c58_nohash_1.wav
-677.86786,136.14912,37.815926,32.985283,11.770313,7.4314437,4.8852644,1.5699116,-1.768482,20.931591,6.675002,13.899442,5.4624596,102.32664,15.108937,19.838745,15.348417,10.571271,17.389906,9.551883,19.157473,14.426097,14.813252,8.487628,6.5020785,6.287133,no,C:\Projects\Audio_ML project\data\raw\no\43691f67_nohash_0.wav
-614.10065,38.684658,-12.662885,3.1817317,-24.40527,-1.4645319,-5.854616,-13.851022,-0.013633183,-1.2472708,6.6715627,-3.2003212,-2.8123581,219.93599,56.7435,34.160084,28.01249,34.602745,12.725489,13.484635,18.794847,8.942086,10.693781,15.258012,5.3616896,5.079421,go,C:\Projects\Audio_ML project\data\raw\go\7ff4fc72_nohash_0.wav
-569.59766,81.00342,32.56886,-2.513433,37.89405,40.03912,-13.159867,27.204311,5.865031,18.85018,2.819361,12.422619,-0.74181896,126.49216,39.76991,32.45602,27.580738,12.709907,10.573262,16.897825,11.179873,11.037901,8.988445,9.156925,6.314319,14.120496,stop,C:\Projects\Audio_ML project\data\raw\stop\43fc47a7_nohash_0.wav
-820.0997,27.928694,0.46836925,-1.333685,-8.805169,2.3647559,0.6626531,-1.355215,-0.72700304,-3.7554004,-2.5927682,1.339247,-3.164683,156.6549,60.18053,9.003184,5.987936,21.658104,6.5689473,5.1490192,4.995562,1.9269867,8.795735,6.5318174,5.517125,8.705791,up,C:\Projects\Audio_ML project\data\raw\up\01bb6a2a_nohash_2.wav
-649.89496,79.66587,8.8201,16.342943,-14.2698345,1.277969,-6.277495,8.094885,-4.6469197,2.5860684,-10.090487,4.5403786,-3.8698716,174.83075,44.353844,11.99258,10.549213,11.80762,6.3995476,6.963386,6.7879868,7.5168333,7.968869,7.3092704,6.5703945,5.469354,go,C:\Projects\Audio_ML project\data\raw\go\f9ebdba0_nohash_0.wav
-455.31177,118.57732,4.498865,20.006561,-8.976566,-6.2653866,-4.550188,9.452816,-2.0519176,-1.0365227,-1.2166239,-11.196988,-1.4548659,130.30177,67.645035,27.578962,24.582815,26.273664,19.964052,13.793763,13.140028,13.892516,11.8148,11.519534,15.993851,9.245832,no,C:\Projects\Audio_ML project\data\raw\no\56eb74ae_nohash_0.wav
-609.7432,58.363388,-21.06667,-5.6527596,-16.337337,7.56641,-4.0970187,-15.300048,-0.5701396,-3.1375382,-6.2451596,-3.7172663,-7.4727774,180.1985,81.01251,35.336266,15.426289,26.416553,12.359339,17.122171,23.807066,8.865399,6.874717,10.010386,6.216986,11.184786,stop,C:\Projects\Audio_ML project\data\raw\stop\e62056e2_nohash_0.wav
-481.22348,35.09017,-12.440463,-13.053868,-10.588114,2.9018204,0.22585085,0.11916706,0.38077322,3.3455439,-7.5832634,-6.6935034,-2.3386197,182.43787,57.395084,24.420162,25.877308,17.420908,7.30003,6.9321656,6.3219333,4.3146687,8.586342,12.412479,11.652503,5.938111,up,C:\Projects\Audio_ML project\data\raw\up\19b05529_nohash_2.wav
-566.8013,33.619015,2.1659079,-9.865701,-16.525747,-7.478077,-8.641677,-14.604995,-6.684345,-0.55236673,-16.09248,7.231137,-6.4329543,178.54228,48.931286,25.654482,31.735456,25.945486,11.916854,17.266346,20.814552,9.491691,7.504828,21.701735,14.123473,15.657525,no,C:\Projects\Audio_ML project\data\raw\no\17c94b23_nohash_1.wav
-690.4468,123.949,-20.79341,17.410448,4.0593004,-24.973137,-11.417835,2.9041905,-4.938374,-0.49238473,-7.935481,2.6268427,4.417468,43.194202,18.700787,29.728302,23.074923,14.223661,17.45675,13.370393,16.396746,10.834596,13.86304,10.495965,8.318007,12.067902,go,C:\Projects\Audio_ML project\data\raw\go\b97c9f77_nohash_1.wav
-673.7935,74.090546,-10.362115,-8.834497,-6.2291503,-6.3552322,-12.072093,-10.526785,-0.0051158722,-4.630186,-6.943117,-1.6951963,-0.74147654,154.68443,100.612404,37.460033,23.423948,14.777016,13.413543,24.325771,17.236826,10.603607,9.601544,10.6736555,5.9762707,5.6625915,go,C:\Projects\Audio_ML project\data\raw\go\48bdc11c_nohash_0.wav
-847.82086,60.539776,-9.571721,2.2842302,-11.052206,7.235155,-11.472091,3.586198,-7.407542,0.21692573,-11.440161,-0.17910609,-5.283807,203.46457,67.22557,26.601187,20.76503,18.994604,12.776293,17.535122,6.9330735,10.437611,8.192713,14.305724,7.1726565,9.516879,no,C:\Projects\Audio_ML project\data\raw\no\61a0d340_nohash_0.wav
-887.8432,52.470917,6.9328322,-6.4397483,-9.822609,-2.9190443,-4.9395237,-5.00783,-5.4848247,-1.4165473,-0.18441164,-2.3262367,-2.7811222,136.59033,93.409386,18.417103,17.89151,17.339962,7.1057997,10.1088915,9.7518215,10.112518,6.2409854,4.3037105,7.2151017,5.935097,up,C:\Projects\Audio_ML project\data\raw\up\712e4d58_nohash_4.wav
-619.73303,18.491703,14.21825,5.461208,-6.938118,5.2497063,-13.599373,10.331478,-9.5874,1.521334,-4.5362296,0.5622222,-1.5742657,263.35306,52.02419,19.89372,25.144659,10.970301,12.174068,14.963954,12.261183,12.446864,6.2442017,6.822278,4.896867,6.0886865,yes,C:\Projects\Audio_ML project\data\raw\yes\750e3e75_nohash_0.wav
-606.85706,27.378,-19.707098,-7.008246,-12.787633,5.2081614,-4.694115,-6.070446,2.3699856,-2.5027986,-7.882333,-2.0374534,1.8747383,159.92809,49.807907,40.117268,17.68796,24.269163,13.216459,10.399025,13.652589,6.518467,8.363007,16.642065,7.663069,6.2933927,up,C:\Projects\Audio_ML project\data\raw\up\92b0a735_nohash_1.wav
-589.92633,16.437632,33.573475,14.814508,-5.3835306,1.5786524,-11.278953,2.4645202,-10.255373,0.3131996,-5.4888167,-1.9504418,-3.0572963,182.90096,62.09252,37.58379,26.839888,15.47815,17.859497,12.969488,11.912528,18.878887,9.3947935,8.543359,5.7798843,6.6202393,yes,C:\Projects\Audio_ML project\data\raw\yes\b9f46737_nohash_4.wav
-569.12177,18.184168,-13.166645,20.409094,-16.058453,1.2861718,1.2136728,14.7275915,-7.680603,9.922951,-1.6369774,5.973646,-6.950418,254.36772,45.667538,38.029152,21.613834,22.635643,9.614952,9.655303,17.170696,11.118437,12.231642,8.076018,9.412414,13.391466,stop,C:\Projects\Audio_ML project\data\raw\stop\e55a2b20_nohash_0.wav
-630.82196,-1.6741866,5.408991,9.288053,-40.9231,2.3707871,-26.96856,16.026894,-8.0980625,-2.9407942,-3.3778794,-8.17611,-2.546444,156.77328,66.71413,49.285816,35.193462,45.63501,33.040802,27.201864,26.346142,11.020348,17.352024,12.26606,17.941278,8.654843,yes,C:\Projects\Audio_ML project\data\raw\yes\e269bac0_nohash_1.wav
-521.64594,56.673565,5.5079646,-3.7221203,-7.7678785,1.9324667,-21.08493,2.793179,-13.019348,14.7415085,-7.63929,6.517196,-19.598164,131.47588,69.7587,35.505074,21.728226,17.72216,17.74728,19.282394,15.421769,15.167335,18.916782,17.402473,9.423772,15.668442,stop,C:\Projects\Audio_ML project\data\raw\stop\7195ffa6_nohash_0.wav
-534.8949,104.57815,18.418442,17.001787,7.0212445,4.4488325,-6.884267,7.168264,1.0248733,4.41865,-5.483628,10.377421,2.5902994,176.94704,76.39153,45.38789,32.86305,23.305475,24.304468,27.729385,15.941141,15.4627905,20.244555,19.391161,8.970502,13.781458,no,C:\Projects\Audio_ML project\data\raw\no\e77d88fc_nohash_1.wav
-777.32245,51.9414,-10.806234,-3.613444,-10.882531,1.9558555,-9.1955,-4.9634852,0.250574,-2.7774804,-10.119311,-2.791536,-1.8960941,191.25801,77.70047,34.132942,11.498486,22.0151,7.1170754,19.507507,9.665529,4.100667,6.4664364,16.661873,7.164406,5.3832116,go,C:\Projects\Audio_ML project\data\raw\go\cd911ace_nohash_1.wav
-536.9955,52.858223,-22.109638,34.88757,-21.512762,10.107199,-21.09374,-5.211,-28.913485,2.033563,-26.019634,0.23937424,1.1110406,96.82101,42.330875,26.574432,19.920826,21.558609,21.3825,16.615965,19.895164,17.943563,15.752355,11.771533,11.041106,17.08895,no,C:\Projects\Audio_ML project\data\raw\no\9a7c1f83_nohash_2.wav
-597.6254,15.170726,21.585236,11.240921,-20.706915,-1.5087867,-22.701101,7.705315,-6.691434,-5.871436,-10.978787,-1.606546,-9.618784,184.21526,84.33537,48.60408,34.3593,34.61385,37.448975,26.145452,12.048721,17.678566,13.179966,16.50718,13.326039,11.559191,yes,C:\Projects\Audio_ML project\data\raw\yes\1b755c65_nohash_0.wav
-445.2349,26.609606,4.1084576,59.09971,-7.598078,41.269535,-18.76394,-2.9172084,9.447971,8.085073,-3.0441244,9.892257,-8.0994005,82.565445,48.402718,19.707954,15.005041,12.206376,15.758164,18.896664,9.3435335,8.266728,10.86702,8.96049,6.9525094,7.3346124,yes,C:\Projects\Audio_ML project\data\raw\yes\5af0ca83_nohash_0.wav
-551.3317,53.969234,49.292274,20.841255,29.239456,31.216599,-5.0645523,25.706594,3.6102245,14.151797,2.9691472,11.879728,3.0637133,102.35866,39.641624,20.662027,21.022972,15.914296,17.375156,9.352132,9.921049,8.341513,9.128938,8.980762,8.097404,8.165372,yes,C:\Projects\Audio_ML project\data\raw\yes\43fc47a7_nohash_0.wav
-593.41046,75.440414,9.736981,-5.8265877,-4.4144588,-1.2310166,-3.2877967,-9.200048,-6.1194005,-2.7309284,-2.361128,1.9022127,2.2716525,135.5179,110.248634,25.809853,22.671873,14.712352,6.437166,8.019294,14.914558,11.55137,8.4872675,8.227831,7.2412596,6.5505486,no,C:\Projects\Audio_ML project\data\raw\no\b8872c20_nohash_2.wav
-899.9873,22.558474,7.0245156,13.399124,-3.0051494,7.8571143,-6.054603,7.9391885,-3.5894668,6.407291,-4.6131268,5.5907855,-5.660056,7.497748,15.828395,7.549354,7.6300898,7.3678856,7.136729,9.449119,7.9928455,7.057501,6.781642,7.0734982,7.018101,6.9459543,no,C:\Projects\Audio_ML project\data\raw\no\712e4d58_nohash_4.wav
-665.0906,51.71379,-8.347502,-0.31425267,-3.673751,-0.036672503,-6.4566283,-0.554014,-3.957018,1.562332,-5.101384,-3.3032062,-4.272953,207.79082,61.994854,22.196089,11.089856,8.845656,12.245103,14.363856,6.1207085,8.335306,5.7531614,7.7930574,8.520328,8.447786,go,C:\Projects\Audio_ML project\data\raw\go\fafe8101_nohash_0.wav
-583.40497,56.750835,-1.4511458,1.9036413,-22.522326,2.6046395,-9.333558,-14.645254,-4.169298,-7.6914515,-5.4640102,1.5403101,-7.910223,191.83005,59.784348,26.777472,22.93102,33.44755,9.543916,15.646734,16.705027,7.9523125,12.410683,9.117519,10.832841,12.231738,go,C:\Projects\Audio_ML project\data\raw\go\71e6ab20_nohash_1.wav
-546.98,44.260998,-12.752409,-0.52365464,-3.7214196,8.281126,-1.1629428,3.89193,-2.5423818,6.4953675,-7.687868,0.27404952,-2.1209066,208.83691,56.46777,51.354774,13.913932,22.088148,14.584016,10.162183,9.359828,9.154538,8.999345,14.601905,7.6213236,7.623661,stop,C:\Projects\Audio_ML project\data\raw\stop\3ca784ec_nohash_3.wav
-653.7094,7.0300417,-19.703835,22.33717,-12.205204,-8.822585,-22.610826,1.7328116,-7.5030065,10.456528,-8.331616,10.920423,-8.990422,222.88417,57.742855,33.515537,41.436394,17.099178,17.47223,22.594059,10.621385,11.322127,14.249533,12.774629,10.768662,11.810937,yes,C:\Projects\Audio_ML project\data\raw\yes\f804cbb3_nohash_1.wav
-736.13007,18.471134,-4.9165816,0.72676146,-5.5276256,4.663729,-12.478331,9.429427,-6.0386496,6.3769274,-19.126532,6.8398123,-3.2914648,198.99069,43.354546,36.9225,19.280006,20.402641,7.0006995,16.16812,15.244488,11.175825,12.120773,20.515366,11.349341,6.4785447,yes,C:\Projects\Audio_ML project\data\raw\yes\94e6864f_nohash_0.wav
-688.9971,5.3311,-9.278621,-8.779296,-8.022639,6.1857038,-6.9028535,-0.24730416,-7.5898566,5.44627,-10.255065,-0.46541288,-3.4158304,175.53717,47.147495,59.11593,17.098572,15.710123,10.309962,14.542248,12.807257,10.0759115,7.5203147,13.387085,10.20681,6.242061,stop,C:\Projects\Audio_ML project\data\raw\stop\6f689791_nohash_2.wav
-822.99536,43.272198,-13.3526945,5.3507433,-12.429062,4.4238186,2.8801181,-4.861218,0.26618972,3.9291184,6.742206,-0.5832511,-0.5102712,203.51654,67.73105,24.756845,11.518221,20.917545,7.963589,5.255636,8.970725,2.8584323,7.798058,10.699838,4.2229295,2.2769895,up,C:\Projects\Audio_ML project\data\raw\up\d7529c0c_nohash_2.wav
-608.64764,69.10358,-9.657478,-2.0120368,-11.275905,-1.5044473,-1.1132313,-5.006606,-5.4388022,-4.3952436,-6.7158237,-6.354967,-4.669032,185.2784,92.33475,33.202343,11.792529,23.159344,10.947721,8.285253,13.874031,10.052729,10.407281,12.084375,9.836469,7.799126,go,C:\Projects\Audio_ML project\data\raw\go\c245d3d7_nohash_1.wav
-772.2697,90.268196,11.287814,14.271004,-11.546365,-12.243756,10.404873,-4.8681674,-11.343081,-0.9526115,-8.806966,-3.59027,-1.9420805,160.80818,106.75982,29.352942,21.72463,18.285772,16.299997,14.61096,11.850492,14.890038,10.114962,11.544187,6.555177,5.130314,no,C:\Projects\Audio_ML project\data\raw\no\cb2929ce_nohash_4.wav
-738.83435,39.28469,3.6901965,18.819115,-11.1237135,-11.848594,-23.503365,-7.837943,-5.37464,-4.693861,-5.2500854,-2.3882213,-4.527189,174.78036,100.71425,31.41916,31.523012,14.944459,28.399792,31.996534,15.740114,11.47309,18.570147,8.307455,6.510658,7.4505553,yes,C:\Projects\Audio_ML project\data\raw\yes\712e4d58_nohash_4.wav
-692.7002,43.516457,-2.0998807,1.625986,-5.4575524,5.1553626,-1.1548932,0.90243995,-2.1014178,13.084243,-0.663749,-3.3020973,-1.1299443,193.85316,67.43878,8.813587,6.787911,12.9619255,9.131899,5.3047748,4.497023,8.126445,21.42185,5.240248,6.5536814,3.3725097,up,C:\Projects\Audio_ML project\data\raw\up\f9bdf10e_nohash_2.wav
-521.3332,83.18231,-22.487486,-11.006607,-15.224743,0.7861361,-4.753665,-2.097499,-11.03255,2.234339,-9.989196,-2.1049402,-11.70879,206.46132,70.68086,28.407637,18.985804,20.370564,10.489682,13.872625,9.698981,13.55052,10.354457,16.597725,8.521984,13.0280695,up,C:\Projects\Audio_ML project\data\raw\up\28e47b1a_nohash_3.wav
-625.60693,27.700518,3.9621785,-10.869143,-12.317661,1.4776771,-11.214152,5.2044535,-5.475409,-4.0883293,-5.4474425,-5.993631,-12.19978,173.80394,100.32543,51.86999,23.664509,20.587404,28.840736,21.056719,9.717072,8.601335,8.66726,10.979068,13.558523,16.59581,stop,C:\Projects\Audio_ML project\data\raw\stop\1b755c65_nohash_0.wav
-847.14655,34.78541,-13.952013,9.817782,-16.809338,1.2184756,-6.2076464,7.9491143,-0.06871664,3.9917092,-5.4414434,-2.867879,0.6182829,216.50163,52.21912,26.506813,15.68578,28.134377,9.517353,13.9748535,12.822325,9.112958,8.374569,11.992502,8.643673,4.94945,stop,C:\Projects\Audio_ML project\data\raw\stop\e07dd7d4_nohash_1.wav
-456.24625,102.89275,6.0359745,26.935253,14.0357485,26.416542,8.380753,20.070093,5.9580126,17.831635,-1.3726974,13.153409,2.4124343,135.80597,45.608868,41.278404,20.67117,11.693875,8.21945,10.924021,10.013667,9.392484,7.583891,14.085566,7.871289,10.829212,stop,C:\Projects\Audio_ML project\data\raw\stop\8ff44869_nohash_1.wav
-818.9977,29.81149,-1.9957457,-4.846211,-4.6489587,-1.2542042,-7.2150354,0.094272554,1.8243554,4.6911626,-6.694484,4.036012,-5.2814846,161.01256,55.934357,5.530122,12.7649765,10.750927,5.131693,15.189778,3.9728744,4.9825344,9.046544,16.118742,7.871616,10.731889,up,C:\Projects\Audio_ML project\data\raw\up\1a6eca98_nohash_0.wav
-657.59973,26.751696,-3.6843827,8.4285965,-15.819293,3.7697113,-9.323122,8.647612,-5.080772,0.20520002,-6.069896,-1.713939,-1.2480161,191.75795,41.95318,21.934793,22.355486,32.328243,11.439628,16.677107,17.9199,9.70465,3.7837214,11.723692,8.219461,6.65287,yes,C:\Projects\Audio_ML project\data\raw\yes\09bcdc9d_nohash_0.wav
-670.44617,44.99958,-18.242048,-16.427246,-10.664754,12.688707,-7.826729,5.2625647,-12.554732,4.4523697,-11.3336315,-2.959117,-2.2678072,181.2372,91.00031,52.194813,19.409224,14.301766,15.63176,21.838514,22.672094,16.481253,9.601964,16.56336,8.849163,10.268872,stop,C:\Projects\Audio_ML project\data\raw\stop\9735764a_nohash_0.wav
-764.6369,33.154823,-16.77436,-5.7449565,-6.2442393,3.2816288,-4.191072,-3.143441,3.1706693,-3.346433,-7.6911526,-0.33772773,-2.537416,153.92029,62.86493,34.989372,12.736622,13.914105,7.036579,9.287532,8.563475,6.823826,9.030799,14.93223,3.24045,6.4695168,up,C:\Projects\Audio_ML project\data\raw\up\66cbe2b3_nohash_2.wav
-618.43585,76.22821,-9.763707,5.4622684,-24.098133,-17.827753,-8.507401,-13.917466,-4.6403227,-5.02902,-12.476885,-4.7361727,-5.9091253,179.58208,76.68199,42.000072,19.400766,33.669933,19.316936,21.152552,16.276087,14.07462,11.480775,13.311964,8.906501,8.551747,no,C:\Projects\Audio_ML project\data\raw\no\01d22d03_nohash_1.wav
-566.59485,66.12538,1.1747543,27.016882,0.27646098,4.488581,8.268445,5.432689,2.487108,4.390059,-4.3884096,1.4803218,-6.224049,164.1744,73.39599,14.743691,28.981499,16.509888,16.68981,14.202889,12.545976,10.132414,7.544762,8.327378,10.605992,10.341882,stop,C:\Projects\Audio_ML project\data\raw\stop\471a0925_nohash_4.wav
-710.3579,125.45314,36.385582,31.710587,8.018007,17.62855,6.524535,5.701283,2.1576178,16.308527,9.6278715,14.941679,3.7157063,83.70999,19.323505,18.239975,12.737875,21.671637,8.083966,9.6877985,11.730243,8.062286,7.6035147,7.7372284,6.3746605,8.469836,up,C:\Projects\Audio_ML project\data\raw\up\43691f67_nohash_0.wav
-610.9895,26.257887,4.625002,1.7488883,-11.246497,-0.6223446,-6.505747,1.7618067,-2.7756217,-5.346778,-5.6320524,4.1578856,-6.3184543,200.16972,78.722496,34.09083,12.380875,18.604486,11.952702,13.706678,8.323347,6.746,10.720345,10.234943,10.948464,12.326359,stop,C:\Projects\Audio_ML project\data\raw\stop\28e47b1a_nohash_3.wav
-544.2245,161.91667,29.092358,21.717329,3.750898,-14.673441,5.7935896,-0.97853917,-12.020087,0.20066158,-6.71176,-12.567904,-0.8411903,158.21263,87.51391,41.316452,24.505598,20.970448,21.400581,9.84283,10.694842,10.55956,10.451985,9.12228,15.236743,6.759647,no,C:\Projects\Audio_ML project\data\raw\no\b97c9f77_nohash_1.wav
-660.7018,20.969511,4.3215446,6.788732,-2.6774108,1.4355776,0.8429834,4.2039905,-1.147629,0.7769655,-5.135439,2.5814164,-3.1910472,209.05487,41.966103,26.304407,17.122316,18.568367,9.146626,6.0778666,10.336325,5.6410184,9.505994,8.937157,8.0266695,5.935733,yes,C:\Projects\Audio_ML project\data\raw\yes\fafe8101_nohash_0.wav
-643.9046,35.93668,0.831845,-0.66856974,-5.948629,5.200461,0.75692636,1.722435,-0.15399165,0.17910476,-1.4806423,0.49350053,-7.9745917,230.9934,74.604485,36.75256,12.794153,10.917333,17.423035,12.655731,13.691663,8.611157,4.4312167,6.743634,6.413559,10.412304,stop,C:\Projects\Audio_ML project\data\raw\stop\f33660af_nohash_0.wav
-718.20123,54.92705,4.9650235,11.238741,-1.5929257,13.769058,-2.4633484,9.912081,-2.1423213,8.71907,-3.0979483,4.5779285,-1.9721138,180.90886,51.630867,26.897652,20.213589,15.344437,12.991138,8.931622,10.194618,5.23646,8.54047,6.8869696,9.851762,5.467785,stop,C:\Projects\Audio_ML project\data\raw\stop\31e686d2_nohash_0.wav
-710.55164,15.006066,-1.8093523,-0.055183288,-11.622133,-11.498225,-5.1915483,0.067823805,-7.783468,3.6431897,-16.049803,0.42206022,-3.4158025,204.09634,28.183538,37.632156,26.483767,20.547533,18.735693,9.292267,11.573852,17.435728,11.395289,22.13349,8.634363,11.15609,yes,C:\Projects\Audio_ML project\data\raw\yes\b00dff7e_nohash_0.wav
-710.8615,19.362564,13.758439,12.585152,-3.4161427,11.138016,-19.906662,7.969888,-11.61905,2.5599394,-15.180748,1.2122599,-8.999072,203.96985,63.747284,39.559296,41.929237,15.915788,16.236195,22.870428,16.869583,11.923589,11.999318,14.909641,7.623369,10.510384,yes,C:\Projects\Audio_ML project\data\raw\yes\86402da1_nohash_1.wav
-526.5673,28.048231,17.065516,10.921927,6.2996864,-14.867527,-4.9719954,-3.2080305,-11.436762,-4.5087643,-3.883432,0.92738247,-1.5408831,196.24652,45.209217,28.180641,24.451195,21.50227,16.433226,11.991314,11.460735,13.120748,8.47876,7.3136263,7.712976,7.5566864,yes,C:\Projects\Audio_ML project\data\raw\yes\56eb74ae_nohash_0.wav
-523.88043,64.822945,6.113897,16.17582,-3.8742979,-4.627035,5.508983,-1.7007416,-3.5975683,4.203161,-2.946806,1.9502157,0.7146178,194.6806,78.24839,26.666903,23.61763,21.207777,10.364894,9.385362,10.559647,11.136092,7.466882,7.513312,5.4186115,6.4486537,stop,C:\Projects\Audio_ML project\data\raw\stop\b97c9f77_nohash_1.wav
-662.30975,83.11832,-18.56236,-3.385254,6.211986,-9.406641,-4.1106634,-3.6657007,-1.530584,4.4542933,-2.2167077,2.4536264,-0.00037208435,169.74167,93.59577,38.956543,12.82589,14.613993,20.193542,9.23132,9.419009,5.506249,11.022906,6.4461727,4.863691,5.3715425,go,C:\Projects\Audio_ML project\data\raw\go\4fd4d073_nohash_0.wav
-482.45786,53.336224,-12.557567,-2.4048452,-13.761764,-0.98566085,-7.4456196,-7.898924,-7.5899444,8.643519,-4.665793,0.6303604,-4.5465064,220.31499,60.106415,28.445877,9.791255,16.035112,8.99448,10.065163,14.345489,10.84277,11.85821,6.4062705,4.3953896,6.6520896,stop,C:\Projects\Audio_ML project\data\raw\stop\01b4757a_nohash_0.wav
-546.00824,92.114685,34.70273,27.660887,6.7534666,14.824957,16.687521,11.212836,3.176785,6.6579494,2.7321608,9.572147,1.8942012,158.4313,39.708405,35.426502,17.459202,39.56752,14.703789,10.949954,8.69859,12.910263,6.6519184,7.3715906,8.443904,9.086479,up,C:\Projects\Audio_ML project\data\raw\up\653a48f5_nohash_1.wav
-663.22314,87.47029,40.06621,45.844833,8.386542,12.964925,-1.8655788,10.234642,2.960586,19.08185,3.3102536,16.788061,4.4779944,79.0362,52.997128,20.855717,17.537966,8.826272,21.589207,11.517245,9.27723,6.977622,10.926102,5.789841,7.078275,10.932521,yes,C:\Projects\Audio_ML project\data\raw\yes\43691f67_nohash_3.wav
-621.5571,37.070137,-8.979509,-7.9788966,-11.000345,-1.1120973,-2.442699,-3.3999555,-1.9820179,0.5978564,-1.4980451,-1.5252392,-6.96198,157.37268,68.99832,20.621317,14.935149,20.67825,5.554453,6.2260594,7.374633,4.436874,3.4258544,6.993141,5.06481,12.967152,up,C:\Projects\Audio_ML project\data\raw\up\325a0c39_nohash_0.wav
-505.96478,117.88456,27.299017,12.570164,2.47129,-3.5382633,-4.956659,-6.8205676,4.8100095,3.6371124,-5.05083,-7.270283,2.048134,98.20098,83.983864,39.284107,22.629393,25.233915,13.1010475,18.345665,13.466247,13.320969,12.555645,13.538723,9.440148,6.606626,stop,C:\Projects\Audio_ML project\data\raw\stop\56eb74ae_nohash_0.wav
-518.65674,82.42606,26.248981,20.25357,2.4529195,28.427912,1.3071446,17.756025,0.42381546,15.696305,3.6875367,10.159182,-3.0090032,42.750885,35.576385,17.268383,9.5606165,14.315762,7.115837,9.301464,10.8348,7.891703,6.488875,7.6816893,7.6472588,8.28158,stop,C:\Projects\Audio_ML project\data\raw\stop\a8e25ebb_nohash_1.wav
-507.1053,116.22422,-14.266162,2.4248202,12.272055,10.881119,1.4094213,2.560797,-10.225113,3.0073504,-0.99942356,-0.79942924,-8.264797,98.33258,45.907696,23.29835,18.42479,16.244701,12.332329,10.801186,8.5563345,7.878892,6.2061543,7.901835,9.35466,9.222685,stop,C:\Projects\Audio_ML project\data\raw\stop\ea1f888c_nohash_0.wav
-674.3548,57.59427,28.008657,18.326738,-3.4272249,19.092602,3.943781,18.080507,3.9438882,17.752798,-1.9411616,10.569013,0.83185756,215.71918,51.080284,23.250284,17.96976,25.516485,17.589653,11.329903,15.007802,11.904442,13.9145775,11.555842,8.851447,5.082047,no,C:\Projects\Audio_ML project\data\raw\no\a9b574b3_nohash_0.wav
-629.7519,23.08138,-9.224421,1.9806447,-8.482831,11.618833,-0.032444015,0.6882905,2.4446976,0.2954908,-5.9396477,-4.9924912,-0.89659554,164.05594,41.674,20.718166,6.8038735,19.132607,21.380629,3.8507922,3.3155658,4.9190307,2.8422942,12.419579,9.955709,3.6500108,up,C:\Projects\Audio_ML project\data\raw\up\3852fca2_nohash_0.wav
-672.1755,56.230263,-4.718053,11.5376625,-1.1371084,3.8912985,-1.9708371,-1.365319,-0.47158104,-2.5890875,1.6281621,1.2197992,-3.1953585,218.74457,78.406555,18.967344,22.028444,6.1721206,13.872734,10.706087,7.6358914,7.272953,8.785849,8.630215,4.8010416,7.5473943,no,C:\Projects\Audio_ML project\data\raw\no\6ac35824_nohash_0.wav
-579.25073,16.784555,-1.7015498,6.268026,-6.628287,-3.0346825,-8.058569,1.1566007,-4.458853,-0.5782091,-7.317352,0.91217625,-5.1572275,174.70128,66.47911,22.1178,24.320467,11.50717,14.002802,13.052271,11.596351,6.8651915,11.896644,10.529951,5.8345723,8.523787,yes,C:\Projects\Audio_ML project\data\raw\yes\b5552931_nohash_3.wav
-698.37994,63.613068,6.136004,-1.7111865,-16.11683,0.41007307,-12.459215,-0.6186345,-3.3977516,-1.5854367,-7.940733,-2.7806876,-7.8106313,157.70934,76.23057,28.110426,17.002884,21.454433,9.896429,21.452984,9.206691,6.50543,8.969092,11.850723,5.2802258,10.649617,no,C:\Projects\Audio_ML project\data\raw\no\66cbe2b3_nohash_2.wav
-638.00226,62.55321,7.608187,6.3994603,-17.798939,-1.6045598,-10.840163,-4.936161,-11.942163,-0.7386607,-13.497574,-0.6046042,-4.711343,203.33014,69.03853,27.693016,22.230013,21.401957,9.82876,15.906193,9.69275,14.712564,8.644954,15.901498,4.346109,9.441915,no,C:\Projects\Audio_ML project\data\raw\no\58df33b5_nohash_0.wav
-664.71497,27.846485,-22.846031,1.8351972,-12.220974,-1.6600468,-9.2200575,-3.196313,-0.14516489,1.7303381,-4.940177,-3.7370324,-5.5065875,192.45439,47.994114,39.5755,6.69923,21.791882,5.1324286,15.714931,6.4772315,2.1184254,4.5905676,8.784601,9.140594,10.221987,up,C:\Projects\Audio_ML project\data\raw\up\c103a2d5_nohash_0.wav
-476.03992,-14.496415,14.64009,8.014385,2.5329578,1.5974349,-5.2200856,-1.1047605,-6.8126636,-3.0688734,-1.4586871,-4.1904225,-2.0099182,207.94038,68.74645,27.33535,27.097076,10.167003,9.491608,13.466794,18.656553,11.590727,10.546987,9.7033,10.30692,6.9886565,yes,C:\Projects\Audio_ML project\data\raw\yes\15c563d7_nohash_2.wav
-650.2025,67.20325,-0.8255269,2.589297,-18.49204,4.5273137,-15.030934,-15.449801,-2.7855825,-13.063605,-1.1459675,-12.572564,-8.031556,146.86797,76.05349,23.938005,17.262093,27.493814,15.236353,20.450228,18.706474,9.578689,14.939049,7.512558,15.03128,11.499622,go,C:\Projects\Audio_ML project\data\raw\go\4a4e28f1_nohash_1.wav
-543.4553,109.75775,17.814405,10.018088,-1.9225596,-1.2186868,-11.38889,-15.487651,-23.209217,-12.448614,-10.008313,-5.8907785,-11.225222,121.81781,38.28661,24.861742,29.98864,23.504635,16.686722,14.835982,14.744413,10.59237,13.361737,13.613665,11.152422,15.26787,up,C:\Projects\Audio_ML project\data\raw\up\9a7c1f83_nohash_2.wav
-547.92035,57.995094,1.0068629,28.448809,7.8606453,-13.637459,1.1128179,5.432927,-7.1813517,-1.3771036,-7.8822746,2.0755248,1.078211,200.71358,73.94438,28.822931,39.02058,13.480988,20.414719,10.452646,12.1791115,9.330177,11.286066,12.087968,9.1874485,8.812511,yes,C:\Projects\Audio_ML project\data\raw\yes\b97c9f77_nohash_1.wav
-701.0296,80.23202,15.930912,17.231276,-14.511814,-3.217651,0.8564351,-8.011188,-4.603923,-7.954092,-8.402468,-2.0676064,-8.128597,157.05621,91.01176,21.756004,22.220274,31.523706,13.045154,8.156005,11.744024,10.829248,11.428256,13.732627,7.6795344,10.26732,go,C:\Projects\Audio_ML project\data\raw\go\01bb6a2a_nohash_2.wav
-645.95416,76.54087,27.982649,31.81727,5.839402,21.968237,1.189608,18.716864,5.698755,18.818645,7.518867,19.101,10.131001,59.965633,7.6666713,16.435116,14.221418,12.828583,9.440434,8.37114,9.183838,10.44014,7.980142,7.761384,7.809845,6.194185,yes,C:\Projects\Audio_ML project\data\raw\yes\1cb788bc_nohash_0.wav
-514.8752,69.0578,-13.022486,0.07818149,-11.911439,-8.4465065,-11.397519,-10.181808,-2.617258,6.0398717,-3.4548628,-10.337261,-3.1691735,173.56633,82.063225,34.101444,17.154284,19.190905,13.59157,16.142872,13.657352,8.59528,9.870735,6.4084587,13.755194,8.948094,no,C:\Projects\Audio_ML project\data\raw\no\8c4854bc_nohash_0.wav
-672.15485,19.682684,19.155333,13.551737,-2.1878908,-1.890327,-8.1594,16.796642,-8.764301,3.5159345,-1.7431611,0.31455624,-3.069223,202.32002,64.02804,37.840443,20.590384,14.65498,20.78153,13.653542,19.432255,13.238399,8.83486,7.0701885,7.923484,5.4985256,yes,C:\Projects\Audio_ML project\data\raw\yes\6fca237d_nohash_1.wav
-644.86664,43.9139,1.5599324,7.4333158,-0.9034069,3.4154353,-0.33537585,-2.0481763,-3.3660133,-1.3244829,-3.6818442,3.7536526,-3.277699,202.7815,60.987946,16.52281,25.07398,22.589495,17.255213,10.863516,8.26126,11.035589,5.71022,6.8823104,9.835412,9.363499,go,C:\Projects\Audio_ML project\data\raw\go\c6ee87a7_nohash_3.wav
-746.01874,29.03996,-5.7829394,0.65883154,-8.924861,2.4579782,-0.726659,-1.8001801,-2.970516,4.104992,-0.35423303,-1.9927242,-1.9624817,164.51279,58.29589,20.095402,5.5135784,21.205873,6.197119,4.69542,6.2008557,6.6965213,8.696602,4.721272,5.1750207,4.655495,up,C:\Projects\Audio_ML project\data\raw\up\ad1429cf_nohash_0.wav
-502.23608,31.813166,-33.23983,-1.6688719,-10.247145,-18.898512,-8.788496,5.507552,-2.6045387,6.8824286,-12.839829,0.84124655,-7.549141,191.53639,30.856693,32.20096,14.0007715,10.526723,25.001928,12.692168,9.941878,7.401501,11.325186,13.034489,6.9626365,9.969331,up,C:\Projects\Audio_ML project\data\raw\up\037c445a_nohash_1.wav
-577.5258,45.62585,-20.469343,-7.690291,-10.501486,0.6300172,-15.461362,1.7642761,-0.9267943,-1.0317924,-4.0045953,-4.3212414,-7.428711,202.69893,74.1595,31.458292,20.164381,15.725971,8.839454,22.759962,6.4156795,8.717607,6.036203,8.575293,9.141317,11.771803,stop,C:\Projects\Audio_ML project\data\raw\stop\325a0c39_nohash_0.wav
-693.6092,50.12871,-2.2360394,3.603257,-6.3205595,-2.7710228,1.0950261,0.934976,-5.7244325,2.707508,0.43969834,1.6034296,-1.1332628,182.66002,85.041595,18.996647,10.421717,13.004229,11.71714,11.33138,5.7953925,12.980387,6.45631,5.980477,5.211231,5.215789,stop,C:\Projects\Audio_ML project\data\raw\stop\da8fa823_nohash_0.wav
-727.7509,29.397818,-15.154063,-7.3403053,-5.8265705,1.5877324,-2.951253,-0.25631005,-1.5415567,2.1841927,-8.994497,-2.1258626,-2.9185646,171.57541,56.785824,31.091934,16.290092,12.550643,4.092033,8.647216,3.5945568,7.6518764,4.8765583,18.475735,7.404696,6.471856,up,C:\Projects\Audio_ML project\data\raw\up\4c7c95de_nohash_3.wav
-588.09656,78.823105,44.81742,13.274588,28.007235,35.33998,2.012978,24.313381,5.4812245,18.593191,6.9860296,9.632636,1.0681597,96.3279,21.867962,19.705011,16.076189,20.806131,6.4983163,6.0778675,5.972867,8.07561,8.161023,6.7692113,8.246123,9.359732,up,C:\Projects\Audio_ML project\data\raw\up\43fc47a7_nohash_0.wav
-668.6547,50.758007,-10.6496105,13.602841,-10.38245,0.027546111,-0.857636,0.33439416,-5.8204064,0.87042737,1.7277093,0.8901279,-1.4164134,235.17128,69.80919,21.41932,22.44593,18.662983,6.3754992,10.966921,9.517205,9.211129,6.5430765,8.565438,7.0278263,5.5823193,go,C:\Projects\Audio_ML project\data\raw\go\68dd409e_nohash_0.wav
-771.297,26.83302,-10.23593,4.8641534,-1.7197516,7.162594,-8.442318,12.662037,-5.132355,10.490887,-7.2829676,4.6602664,-6.752704,191.50761,41.271458,31.223215,20.487318,12.212407,11.043111,17.722569,17.121601,8.903407,12.410306,12.374412,16.315346,9.717639,stop,C:\Projects\Audio_ML project\data\raw\stop\61a0d340_nohash_0.wav
-595.5244,46.468422,-0.21212405,-0.0036134266,-12.132621,17.487349,-5.81664,4.1880627,0.5907428,0.38280675,0.8241777,0.30795965,-2.7985013,202.15976,75.861465,23.734694,10.880238,24.380062,20.885876,14.687186,10.917766,5.9289236,5.712381,6.687832,4.6848245,7.3948097,stop,C:\Projects\Audio_ML project\data\raw\stop\1b88bf70_nohash_0.wav
-691.46967,47.75135,8.053275,17.552898,-6.601484,19.050789,-3.0789335,21.157873,-3.5497797,19.91271,2.3266747,9.877567,-0.3612122,67.191475,48.967896,33.346436,11.442632,19.084972,13.220636,15.422954,11.014516,8.768727,8.220496,9.5756645,6.065378,9.015457,stop,C:\Projects\Audio_ML project\data\raw\stop\2643992f_nohash_0.wav
-533.95404,56.878468,2.938374,23.63924,-9.55373,19.113377,1.0308595,14.805985,1.4276506,20.20746,6.199708,13.690747,1.9122697,150.40434,57.711143,47.051044,12.844894,24.683393,12.1306715,19.682652,17.334171,11.060758,10.247229,9.45002,8.344738,10.683608,stop,C:\Projects\Audio_ML project\data\raw\stop\f9af0887_nohash_1.wav
-671.65234,26.234465,-13.595217,-6.755971,-16.05326,1.6256046,-5.273335,-11.101946,3.4839787,6.663818,1.8906484,-4.114091,-4.6976414,196.38728,43.621628,26.38006,11.637035,27.0897,5.931242,9.456135,19.247793,10.409221,11.681579,5.653216,7.2571387,9.184699,up,C:\Projects\Audio_ML project\data\raw\up\7ff4fc72_nohash_0.wav
-728.1753,20.99223,-1.9750458,-0.36402276,-14.115873,19.146437,-18.536903,9.953108,-12.405628,0.73947096,-6.6726446,0.20452897,-10.04945,210.18867,86.761086,49.03175,12.900639,19.1111,23.61315,21.213127,18.398798,13.896265,7.154708,9.848134,6.3071146,13.045599,stop,C:\Projects\Audio_ML project\data\raw\stop\86402da1_nohash_1.wav
-513.1939,100.99555,-1.1508282,30.138222,9.232262,28.805338,4.773397,19.850239,8.028121,22.984201,4.6273303,8.295862,9.931283,52.84162,24.07844,19.087618,11.035326,5.7731404,6.612039,9.456586,7.784096,8.382274,7.2980056,15.703243,10.151108,6.1997585,up,C:\Projects\Audio_ML project\data\raw\up\e62056e2_nohash_0.wav
-639.4801,28.144892,-9.293654,10.446498,-9.977768,2.0207362,-1.3055444,1.0698465,-4.6573534,4.0853505,3.075068,1.6767186,-0.7808157,192.77785,50.364204,19.61394,18.058939,22.057974,6.2096205,7.813535,3.8301127,11.133013,8.216656,7.437237,4.255004,6.6661267,up,C:\Projects\Audio_ML project\data\raw\up\e55a2b20_nohash_0.wav
-560.64496,73.84904,11.586474,2.0111241,-7.548271,-3.763257,6.056806,3.7988133,-3.1477156,-5.024363,-3.6725557,1.5580364,0.79298,130.22043,93.83199,16.943844,10.864812,20.655142,16.80258,8.821789,6.6490116,10.153758,9.699258,9.115292,4.0606856,5.5172844,go,C:\Projects\Audio_ML project\data\raw\go\106a6183_nohash_0.wav
-702.5596,42.672775,-9.567715,4.622815,-12.121082,8.289149,-15.37611,0.7484495,-14.717232,-1.4054421,-5.737635,-1.8853706,-7.5495853,215.32019,57.812706,20.174704,8.987118,17.963238,12.218975,29.415417,2.7311513,22.35068,8.356944,9.448267,6.595206,12.574895,go,C:\Projects\Audio_ML project\data\raw\go\86402da1_nohash_1.wav
-686.20874,21.223047,-12.858973,4.1105394,-20.56001,1.9363464,-11.924117,5.1386065,-10.400163,-5.402509,-3.5214875,0.38094535,-9.698458,201.85089,62.106728,28.483257,20.99972,25.948366,11.807183,19.265654,10.252198,16.338913,11.674609,8.051739,10.898449,13.02246,stop,C:\Projects\Audio_ML project\data\raw\stop\baf01c1f_nohash_0.wav
-720.30597,23.325964,13.295728,-5.065702,-13.128259,2.3817158,-8.164452,3.1287222,-11.533399,1.078142,-4.554602,2.6589992,-3.8887339,180.87456,73.38063,19.519424,11.88649,18.712324,8.186402,13.296628,7.625887,17.818426,7.259987,7.0566525,6.0684037,7.4510255,stop,C:\Projects\Audio_ML project\data\raw\stop\01bb6a2a_nohash_2.wav
-416.745,85.06695,-4.6190104,-6.4413304,-5.8601527,-5.865719,-13.990073,3.1295798,-9.049088,0.25671026,-6.091394,0.74192744,1.5241631,185.03818,83.41415,17.797886,12.6408825,11.606109,13.407831,15.575338,7.8410215,10.468447,5.9837017,7.75821,7.8762145,7.218277,no,C:\Projects\Audio_ML project\data\raw\no\a13e0a74_nohash_0.wav
-752.5094,-6.555493,20.61156,24.133478,-20.397934,-8.881725,3.8843737,-8.261567,2.3091943,-0.6219336,-1.170129,2.4184382,-6.5647445,200.96202,73.8908,31.772512,31.250372,27.868515,19.29877,7.1773815,12.366225,8.264919,8.4689045,7.3624153,8.821256,7.534391,yes,C:\Projects\Audio_ML project\data\raw\yes\735845ab_nohash_3.wav
-670.0112,18.185316,-14.685013,0.29326564,-12.775387,-3.4397285,-3.1961966,7.4917974,-12.687981,7.8920393,-1.8789728,4.066191,-9.146076,200.09927,93.519,45.898693,14.851386,20.805796,24.780598,19.068249,10.441369,17.240725,13.294447,9.757304,11.236399,13.477427,stop,C:\Projects\Audio_ML project\data\raw\stop\3389305e_nohash_1.wav
-380.60596,76.38437,0.112331666,-1.6790444,-17.55961,1.8838614,-13.511685,-3.3679066,-12.717268,7.210845,-7.875049,8.396672,-3.7618024,123.352974,33.433815,12.824294,7.3850374,10.399514,8.679705,8.218116,13.393986,13.244982,6.8031707,6.4520555,6.756787,6.63709,up,C:\Projects\Audio_ML project\data\raw\up\01b4757a_nohash_0.wav
-547.4604,63.903263,-10.600565,10.222433,-3.514215,-9.3920355,-12.809119,-4.5762525,5.4034586,-5.3704176,-8.639702,-6.2251134,-8.403188,171.54814,77.98296,45.693092,26.756836,16.91406,14.252882,19.315516,10.569965,14.4383335,11.651115,11.958834,9.845366,13.027408,no,C:\Projects\Audio_ML project\data\raw\no\ec21c46b_nohash_2.wav
-704.6601,85.96683,17.18202,-9.346499,-17.168682,-4.7742853,-10.327259,-2.8609393,-12.044522,-8.706866,-6.4393597,-5.074366,1.9651039,141.8368,81.31112,23.742865,19.289488,23.97113,9.575177,10.945808,6.585151,13.822878,11.199618,7.5235357,8.505079,9.072039,go,C:\Projects\Audio_ML project\data\raw\go\1b4c9b89_nohash_0.wav
-760.4626,42.44414,-23.973783,-10.48676,-7.279166,2.3585296,-3.0724115,0.51583153,-11.48833,-2.6579604,-12.081247,-2.511907,-13.410724,181.56569,70.74666,34.01302,13.97328,9.323165,10.651075,13.659207,5.518958,12.823127,6.6884594,14.062488,9.218753,15.890146,stop,C:\Projects\Audio_ML project\data\raw\stop\9f63152b_nohash_2.wav
-537.6347,85.90238,6.6138864,16.99993,2.789748,-3.5772147,4.191949,-7.699087,-8.250515,-9.025652,-4.985007,-9.055853,-6.657152,213.3864,77.39962,22.090107,22.191376,12.195725,12.505087,15.118905,10.574274,9.310086,10.905566,8.532996,16.068138,8.775222,no,C:\Projects\Audio_ML project\data\raw\no\15c563d7_nohash_2.wav
-636.7029,50.2635,-12.9210825,18.811028,-3.173766,-11.216301,-1.4732567,-8.982254,-2.373679,1.0723206,-8.8842945,2.0555985,-10.439111,184.46864,65.63725,32.415913,39.489944,8.782392,17.24434,14.3611965,12.27963,5.929584,12.676426,11.646094,5.12316,14.812703,yes,C:\Projects\Audio_ML project\data\raw\yes\9587481f_nohash_0.wav
-562.5778,75.913086,-19.458744,-1.2351938,-13.053199,-0.90050274,-12.490961,-14.833428,-7.712888,-5.4362774,0.43749735,-8.143351,-2.903749,166.19832,84.97753,34.57118,22.266293,21.335857,13.685192,16.812548,22.728136,16.724993,12.148385,8.940488,16.937452,9.010806,go,C:\Projects\Audio_ML project\data\raw\go\e62056e2_nohash_0.wav
-619.9516,2.7503042,8.180326,-5.098281,-25.209473,-3.136094,-23.727636,5.6763926,-10.227076,-2.4197662,-17.217602,11.717627,-14.780339,173.23297,86.02187,63.313,42.057896,26.144367,30.32177,24.909512,20.423292,12.6933155,14.338731,16.862017,13.86198,14.899365,yes,C:\Projects\Audio_ML project\data\raw\yes\01d22d03_nohash_1.wav
-896.22076,12.936939,0.09415227,3.6341,-3.5906842,4.4650393,1.6263639,1.0609075,-1.0034356,4.51173,1.5679784,4.4077888,-3.007672,197.14107,24.576658,11.540637,10.502229,12.398936,11.252781,3.9882858,8.716296,4.6389422,8.847513,6.228841,8.676857,9.132618,up,C:\Projects\Audio_ML project\data\raw\up\5e1b34a6_nohash_0.wav
-660.90717,39.686543,2.5171998,1.6559587,-4.7205524,2.2497325,0.032579694,-7.1401367,0.06344359,0.10537576,1.5703987,-0.7049733,-1.423653,173.21648,69.36944,14.203233,6.004196,14.013219,6.1404195,5.8961644,14.940927,5.277694,4.563276,3.7660577,4.6044235,4.7170305,up,C:\Projects\Audio_ML project\data\raw\up\cd7f8c1b_nohash_2.wav
-577.69403,27.03758,5.7471046,3.160778,-0.5948837,-8.307538,-10.432427,5.7156034,-10.732759,11.745271,-15.520066,8.538505,-18.285908,184.39217,53.852768,25.56985,29.077034,7.1771994,17.560234,13.596704,9.840696,23.415258,11.696256,16.845871,15.556879,14.833615,yes,C:\Projects\Audio_ML project\data\raw\yes\8a5acefd_nohash_0.wav
-457.26895,52.486336,1.9191955,-0.007978166,-8.151733,2.216034,-0.07934576,-3.2857869,-2.003559,2.12379,1.4098508,0.22176997,-2.2286518,233.05257,56.452408,22.991276,12.695803,15.768263,10.473496,10.60592,6.7288213,6.6130915,6.139519,8.183263,5.5104876,6.089096,up,C:\Projects\Audio_ML project\data\raw\up\229978fd_nohash_1.wav
-599.23254,23.860308,-7.637294,30.544985,-23.130985,1.8175237,-6.1574216,-7.9959264,-1.1662066,3.9682233,-11.062866,-3.425596,-10.664675,179.46126,70.05358,31.898048,40.3109,25.926779,20.280743,11.904819,12.8761835,8.115859,12.5977125,14.817971,6.4585385,12.25982,yes,C:\Projects\Audio_ML project\data\raw\yes\db8a3397_nohash_2.wav
-620.82776,37.14571,-5.8576016,-6.8980393,-17.717375,-1.5932246,-7.5469136,-5.687655,-5.3686557,-3.320425,-2.5415714,-6.9558654,-1.5152501,179.39609,89.26745,43.480293,20.332125,28.60977,14.400949,12.065232,13.262033,8.320902,9.666897,8.754724,13.5292635,6.892422,stop,C:\Projects\Audio_ML project\data\raw\stop\1b4c9b89_nohash_0.wav
-559.9136,11.147899,12.370563,13.805585,-17.050161,-6.9020486,-15.347656,1.1155196,-18.110886,5.54697,-10.493131,-2.9100027,0.4148724,160.47095,57.505,31.277632,26.966875,26.175425,11.281071,17.221123,9.076292,20.137688,7.5742455,12.102816,9.123062,6.275755,yes,C:\Projects\Audio_ML project\data\raw\yes\58df33b5_nohash_0.wav
-682.8147,32.74264,0.7497967,2.9252164,-15.349273,9.508225,-5.6882577,4.460374,-5.091163,5.8079834,-3.4421432,0.24365431,-3.3685641,218.78584,78.14297,34.97596,8.953981,20.125263,12.809332,14.827664,11.0386095,7.350502,8.437646,6.2481604,6.8875337,4.6312227,stop,C:\Projects\Audio_ML project\data\raw\stop\ad1429cf_nohash_0.wav
-687.12964,35.76026,-5.1359057,-3.5398905,-26.533762,8.605495,-4.313577,-10.616686,-6.1733665,-4.2317758,-2.1782908,-0.12518859,-0.6020711,196.46605,56.598873,12.292797,9.071949,43.23243,14.52208,10.053708,17.81799,11.220899,9.562136,8.502741,5.516139,4.938139,up,C:\Projects\Audio_ML project\data\raw\up\3cfc6b3a_nohash_1.wav
-481.34015,97.291985,15.659533,36.107395,5.534971,17.337896,0.8895143,14.877709,2.314961,17.101751,4.386566,9.838268,3.1136863,72.70866,28.59919,20.253271,11.960987,11.875487,14.750108,13.357173,8.082319,6.912085,9.144199,6.0905685,10.21462,6.6622133,go,C:\Projects\Audio_ML project\data\raw\go\b12bef84_nohash_1.wav
-747.8866,32.957573,1.9606016,11.064716,-21.262325,-8.1614895,1.0850785,3.1548345,-7.947947,-3.5019414,-4.880929,-8.68918,-0.27641362,183.25922,56.183197,38.408875,34.549103,37.233612,14.946153,8.075623,14.12342,13.729088,8.82534,8.657545,14.402239,4.800449,yes,C:\Projects\Audio_ML project\data\raw\yes\ec74a8a5_nohash_0.wav
-710.3448,55.411392,-1.1490239,12.162817,-3.8658695,3.379121,-1.6560115,-0.0050532627,-0.07369559,-0.09305368,2.7744875,2.0475848,-2.1008737,190.2802,77.244125,23.483574,20.74139,9.88708,7.95156,8.9771805,8.41678,6.2676725,7.352833,6.977348,5.2710195,4.8708878,go,C:\Projects\Audio_ML project\data\raw\go\6ac35824_nohash_0.wav
-744.70984,33.36376,4.8093314,1.7247052,-0.4977742,3.255388,-4.0122056,-1.0248185,-0.37996274,2.400581,-2.5113976,-2.5393531,-3.2211885,147.29332,62.681805,11.489076,9.780554,11.005697,8.553424,8.704553,4.9372616,7.101768,11.888325,5.9930825,5.5666237,6.4992623,up,C:\Projects\Audio_ML project\data\raw\up\b9f46737_nohash_4.wav
-525.09576,79.627304,6.3299,35.005905,6.272535,28.93252,-8.214958,8.877323,1.2254226,6.4623055,3.1388526,0.8986865,-2.7491248,127.67882,48.71598,17.139942,33.795753,15.769736,20.44726,11.929218,10.71418,8.598969,9.866205,10.033694,6.9595156,11.109881,yes,C:\Projects\Audio_ML project\data\raw\yes\95218ce8_nohash_0.wav
-639.7205,70.081894,15.089575,18.844439,-7.717229,-0.826181,-0.47613847,-2.946993,-11.803746,0.3650204,-2.2237542,4.7727637,-8.102443,182.67662,69.97537,28.676626,22.246191,24.922127,13.242052,9.107354,8.889594,15.47439,6.1709085,9.586206,10.84848,12.279862,go,C:\Projects\Audio_ML project\data\raw\go\74b73f88_nohash_2.wav
-561.83813,30.60844,-38.06159,-17.76574,-15.394901,1.6190916,-10.950212,2.984002,-12.564181,-4.6576934,-19.672138,-9.155151,-2.8969204,178.9949,34.342415,47.994602,18.193865,22.87221,21.33403,12.652049,10.578568,17.575724,6.96828,20.661623,12.473183,8.587865,stop,C:\Projects\Audio_ML project\data\raw\stop\b00dff7e_nohash_0.wav
-721.1179,49.316956,31.039244,11.483851,-19.59423,0.82701933,-16.330648,6.3890157,-18.227238,-1.7322414,-6.307017,-2.8553798,-6.9293194,164.6123,125.34743,45.429646,29.279804,23.43277,27.040789,21.285402,12.129935,20.264528,8.70553,11.267991,7.495984,11.945652,stop,C:\Projects\Audio_ML project\data\raw\stop\712e4d58_nohash_4.wav
-548.49884,29.739471,10.104684,18.55498,-8.504964,6.848294,-10.126562,13.505296,-11.768004,5.742644,0.67251235,-4.1130834,-4.499574,211.49727,56.363293,26.66853,43.1079,15.978169,21.472202,14.9088955,18.539515,15.979993,13.387272,14.870792,10.5810795,12.237463,yes,C:\Projects\Audio_ML project\data\raw\yes\1b88bf70_nohash_0.wav
-716.65546,68.451355,8.028462,14.232655,-2.1626904,10.241808,-8.082189,8.176953,-3.3907173,7.514715,-1.0948684,0.64799404,2.1852548,175.85123,49.649006,15.043668,14.514268,16.136683,10.0742035,15.6516695,9.293917,7.565473,8.48344,7.824294,11.422298,9.250708,go,C:\Projects\Audio_ML project\data\raw\go\31e686d2_nohash_0.wav
-543.15314,38.88295,11.242335,23.951954,4.2253685,8.4043455,-5.089745,1.2499218,-0.5392787,10.547463,-8.016223,6.605063,-8.739544,213.33205,49.108257,48.111862,27.428324,14.734517,22.446789,17.395195,12.582152,7.740785,15.229143,12.433202,8.021947,13.308848,yes,C:\Projects\Audio_ML project\data\raw\yes\e91d173e_nohash_1.wav
-667.17413,71.97774,2.7281363,17.352535,3.4190283,-1.786661,-4.20794,1.265011,-3.2033236,-2.1607141,-1.7603921,0.339733,-1.3399329,173.67252,89.13805,24.839977,22.334751,14.071427,11.570463,14.302275,9.001054,14.223675,6.481277,8.629049,6.0330935,6.6174984,go,C:\Projects\Audio_ML project\data\raw\go\da8fa823_nohash_0.wav
-695.4095,23.445679,10.5234165,6.108491,-5.11181,11.91632,-8.967618,-2.4351428,-3.8413734,1.355561,-0.17595667,2.682744,-0.57190007,188.85358,65.20879,25.299171,12.959261,19.980577,15.534819,13.615544,11.15548,8.664366,8.446563,6.2296076,7.679204,8.447262,stop,C:\Projects\Audio_ML project\data\raw\stop\c6ee87a7_nohash_3.wav
-656.1245,46.877213,0.94292617,3.7619882,-5.5019345,-3.6470156,-1.838981,-1.0208352,-6.4367733,2.641992,-6.8255234,-0.10060053,-7.3428,191.51274,69.204796,20.777142,17.705229,15.263063,9.639325,7.346761,5.30608,13.491363,7.918784,11.281551,6.9625177,14.797392,no,C:\Projects\Audio_ML project\data\raw\no\b5552931_nohash_3.wav
-519.8023,71.49718,-3.7587197,3.6576087,-15.718474,-8.2933,-9.450025,-2.2701683,-1.1496401,2.1856942,4.980738,-7.1007867,-4.7269635,176.41367,74.40569,25.854986,11.177326,23.392122,12.279505,15.174382,5.814736,7.151157,7.762434,13.782428,8.672689,9.683649,go,C:\Projects\Audio_ML project\data\raw\go\50f55535_nohash_0.wav
-616.25995,54.97419,-0.105678804,-12.860387,-17.561226,11.244264,-4.9110494,-4.5107036,-6.31804,7.6811805,-15.271201,-2.1398532,-11.540391,208.88077,60.226772,24.758514,27.085148,27.488441,13.771329,11.213922,10.035921,11.467486,12.213735,19.138378,7.648005,15.002938,up,C:\Projects\Audio_ML project\data\raw\up\f0ae7203_nohash_2.wav
-591.99817,121.0454,12.742106,-6.897524,-20.305214,-27.626589,-6.254774,-1.3602628,-6.464014,-2.0384378,-1.6280694,-5.667682,-9.655438,151.73497,107.8349,62.78761,36.562675,32.555992,31.209034,13.706385,12.172854,16.04491,12.911908,12.700681,10.239409,9.249115,no,C:\Projects\Audio_ML project\data\raw\no\61e50f62_nohash_0.wav
-499.162,19.328045,-2.042265,-21.03817,-20.491625,-1.2631818,-12.07946,-13.165873,-11.99612,3.2372925,-13.372665,8.886041,-3.4878287,177.46773,31.458967,13.26342,27.588512,27.629358,6.056972,16.99718,17.96377,16.076273,9.645016,17.848602,14.934713,10.278493,go,C:\Projects\Audio_ML project\data\raw\go\17c94b23_nohash_1.wav
-823.78687,57.542812,6.291584,2.7894282,-14.502851,-2.4975398,6.8797092,-5.559297,-7.163394,0.25932097,-1.0713067,1.0239569,-1.7386746,148.73077,90.9273,21.246447,12.692746,24.53366,7.422527,13.159713,11.195503,13.038766,8.91162,4.319011,5.5602994,5.9926143,up,C:\Projects\Audio_ML project\data\raw\up\cb2929ce_nohash_4.wav
-557.1995,66.96576,-20.86321,-0.64291203,-23.306435,-6.140648,-3.3261042,-18.49202,-1.1408931,-3.8073268,-5.3447843,-2.5461786,-3.7689757,164.55142,77.57965,48.71913,13.546813,34.846634,11.026698,14.013796,24.501596,11.219946,9.178996,7.739166,5.452455,5.896376,go,C:\Projects\Audio_ML project\data\raw\go\3aa6f4e2_nohash_1.wav
-570.4411,14.191854,-9.682626,-14.882118,-3.8569908,0.72635883,-14.169704,3.9380836,-4.6342645,0.35749298,-12.829391,5.3061466,-10.868702,194.29726,59.238358,36.096447,20.415356,14.74439,6.6682763,19.260729,15.740018,9.62188,7.0158486,16.874365,11.274856,12.921441,stop,C:\Projects\Audio_ML project\data\raw\stop\71e6ab20_nohash_1.wav
-555.24286,125.09063,24.0764,0.4128302,-7.551509,10.598179,5.823127,12.253128,12.90464,9.222332,8.736837,8.902593,-0.7493367,98.81353,46.411568,14.650173,13.454327,11.216391,16.546783,11.312243,10.008534,10.661015,9.251718,7.879182,7.409938,5.537606,yes,C:\Projects\Audio_ML project\data\raw\yes\9a4d12fd_nohash_1.wav
-626.0259,61.122635,16.242628,23.268185,-4.015476,18.975187,6.6919575,16.151924,6.4997015,10.195304,2.4634542,12.526346,-0.6752596,197.86993,50.019207,17.16752,23.710417,23.280678,13.848485,11.794967,14.0060425,9.319227,11.8276825,7.3081956,11.146742,8.958173,go,C:\Projects\Audio_ML project\data\raw\go\a9b574b3_nohash_0.wav
-527.004,122.760574,9.473864,21.977795,1.6975482,3.8692522,-6.1246667,9.324444,0.08600018,21.260246,-3.1482146,7.01297,-2.2333841,35.633762,21.32347,16.432722,24.825357,5.6756873,16.304667,10.864499,10.033679,7.849883,8.825405,7.3151145,7.24634,9.210737,yes,C:\Projects\Audio_ML project\data\raw\yes\8dd24423_nohash_1.wav
-612.7176,27.405792,-7.4041004,0.37229145,-12.053942,0.83622295,0.87049687,-5.0389433,-2.6364746,1.9520661,-0.14893195,0.3171102,-3.319378,197.60194,50.248547,14.712766,6.7959957,24.13708,3.0086527,5.691532,10.654014,5.904891,8.769958,3.6261454,3.135895,7.2023044,up,C:\Projects\Audio_ML project\data\raw\up\7e4fa1d8_nohash_0.wav
-620.7105,35.62464,-25.902506,11.391177,-15.430924,-0.1652888,-8.84449,-0.72266895,-2.423877,-5.4817348,-7.0687017,-3.7743266,-3.6488414,214.05159,51.20506,45.14086,23.809343,25.074213,13.4038925,14.820753,4.2377563,9.548581,8.771448,10.9007845,7.0442,7.394893,no,C:\Projects\Audio_ML project\data\raw\no\c103a2d5_nohash_0.wav
-712.0104,45.66583,3.6816082,-5.1327124,-4.3647165,4.8207273,-0.67044085,3.6816819,-7.401558,3.9949849,1.3900636,-0.39169964,1.0920832,177.46265,80.53226,13.161692,14.736549,10.859222,9.8433075,5.9744186,8.587011,14.913354,8.877433,3.4965618,4.0056944,3.7034767,up,C:\Projects\Audio_ML project\data\raw\up\652b3da7_nohash_0.wav
-776.4099,43.40707,-7.7450194,3.4176452,-9.881485,-5.492583,-7.6273527,-5.4098988,-12.835401,-2.248743,-1.8135397,0.13968034,-6.975987,230.21725,62.242374,27.202387,15.278834,18.574654,8.960215,12.28245,10.583269,20.30799,5.4931726,4.162618,5.0675464,11.377606,no,C:\Projects\Audio_ML project\data\raw\no\eb3f7d82_nohash_1.wav
-738.13306,31.226065,-5.703926,2.9355783,-7.865695,1.4265895,5.8008685,-2.9296634,0.21301179,-1.206851,2.7110953,-0.5191446,-3.6434216,199.44135,52.614204,12.608636,7.410728,15.657931,5.537997,11.398527,10.152319,5.567005,3.3570366,8.96625,4.428595,7.3430357,up,C:\Projects\Audio_ML project\data\raw\up\f33660af_nohash_0.wav
-667.95825,67.48693,-1.6089927,9.194361,-9.836056,-2.9386916,-2.137995,-8.821432,-2.6402233,-1.7524463,-8.896545,-2.9960868,-6.9297495,178.44884,82.69707,33.181145,17.563238,18.235886,10.704692,10.695729,13.273023,10.212798,6.538198,13.460663,6.818627,10.132984,no,C:\Projects\Audio_ML project\data\raw\no\e99d36c8_nohash_1.wav
-582.49304,79.61791,12.89689,-6.574059,-10.857656,-1.1738873,-1.3176141,-8.600235,-6.0340543,-5.063264,-0.9534212,3.7557998,-4.7118726,139.02928,109.39702,28.228634,19.61959,16.995338,5.6051674,6.1537137,13.840535,11.208865,7.929175,4.8088803,11.526723,7.624852,no,C:\Projects\Audio_ML project\data\raw\no\b8872c20_nohash_1.wav
-679.9997,29.303383,-4.7452083,9.634651,-3.5400195,-2.7567143,-2.5588133,6.054645,-2.8290148,-0.9122022,-2.2530253,0.4478635,-2.9594195,186.90825,47.2108,32.135006,24.697514,20.075407,8.368739,9.977689,14.210574,10.543972,9.270384,8.530418,8.291626,8.104097,yes,C:\Projects\Audio_ML project\data\raw\yes\ab5ae445_nohash_1.wav
-578.70844,7.7045884,-8.760907,14.159035,-17.854939,-10.551897,-8.222515,-1.5433779,0.4480533,0.9452614,-6.8631463,1.181304,-3.617688,202.59425,16.44024,33.27251,31.191645,30.160685,18.253126,15.081797,15.261821,7.5549912,7.3517385,12.713281,4.654005,8.5390835,yes,C:\Projects\Audio_ML project\data\raw\yes\86f12ac0_nohash_1.wav
-660.52264,68.34734,5.5765333,4.786253,-12.793551,-13.668179,4.571464,-6.040538,-4.4813685,-10.150721,-6.024767,3.7013142,-7.5879526,153.83562,91.229485,14.188112,14.760501,18.498997,19.606926,8.764564,14.416,7.898263,15.171628,9.682798,9.55694,13.0702095,go,C:\Projects\Audio_ML project\data\raw\go\735845ab_nohash_3.wav
-744.6685,-5.728781,3.2366662,6.229668,-3.4363976,10.552783,-1.2181998,4.337966,4.7710037,6.0908933,-2.0642946,6.3519297,-2.5689375,216.63272,51.892223,33.101875,13.532083,15.010744,16.246572,14.0792675,15.746989,8.855769,9.30675,6.9080925,9.405807,10.505707,stop,C:\Projects\Audio_ML project\data\raw\stop\5e1b34a6_nohash_0.wav
-672.5493,29.540834,-30.14201,0.7807552,-9.563203,5.3158035,-3.484003,-2.366787,1.9484427,-1.2107588,-3.8072758,-5.285858,-5.6310735,190.68138,51.565388,57.315044,7.702564,19.72346,9.361868,16.090155,8.591039,6.569217,4.4401336,7.9073896,11.959686,10.552188,stop,C:\Projects\Audio_ML project\data\raw\stop\88120683_nohash_0.wav
-642.3392,10.880846,1.6506935,-3.6889982,-16.205534,14.339968,-18.397055,14.628736,-15.199134,10.035253,-20.828783,7.7581644,-7.3611827,193.64331,51.127594,52.978207,36.782608,25.911182,16.871023,17.166586,20.72825,15.38256,19.785229,23.511034,14.841978,8.29319,yes,C:\Projects\Audio_ML project\data\raw\yes\31d68957_nohash_0.wav
-607.42847,33.75939,-3.6026368,10.659206,-20.842508,-2.1002638,0.56266654,-3.6259687,-10.607739,-3.308324,-2.2126603,1.2116715,2.1901116,182.17331,52.645863,19.320145,17.549757,37.712555,13.734676,8.040257,8.1814375,18.280815,6.475826,5.300993,5.8792443,11.618478,go,C:\Projects\Audio_ML project\data\raw\go\28ce0c58_nohash_6.wav
-625.3274,34.336292,-11.412189,-13.221935,-5.097722,-1.2911545,-6.1652184,-0.40249118,-0.02333432,7.5674844,-10.217095,1.7018298,-7.5048823,182.39975,54.661053,20.776096,22.131462,12.256336,6.2390165,10.532377,7.5108514,4.2649236,12.926868,18.390535,4.2694607,12.8386135,up,C:\Projects\Audio_ML project\data\raw\up\8a5acefd_nohash_0.wav
-583.2346,108.635254,8.514267,9.465872,3.7297254,-6.208111,-2.254264,0.52379113,-1.9757097,-2.9381323,-0.91711825,-4.4651713,-3.608866,192.54063,103.58656,25.44768,18.797644,24.878365,11.017837,7.4278436,10.03932,8.689449,10.8805,9.571352,8.859673,7.762087,no,C:\Projects\Audio_ML project\data\raw\no\9aa21fa9_nohash_2.wav
-678.8691,96.26185,19.276583,22.490133,14.237197,21.436003,4.088105,21.98117,8.328824,16.15323,-1.4180616,11.019948,1.7320154,79.03539,49.440426,28.414001,23.160404,8.168283,10.535804,10.050237,6.3912215,5.878537,5.861464,7.804691,10.875657,5.84492,stop,C:\Projects\Audio_ML project\data\raw\stop\ce7a8e92_nohash_2.wav
-883.543,26.482248,-13.75616,-4.4468513,-4.0825677,2.9040647,-5.1149883,3.6890996,-0.92125493,3.999535,-6.517016,-3.0839937,-2.4977539,182.67911,48.635742,30.079935,10.82164,9.704072,6.17058,11.507379,7.083316,5.996488,7.7387366,13.522786,6.4938397,5.60064,up,C:\Projects\Audio_ML project\data\raw\up\61a0d340_nohash_0.wav
-717.82294,92.67763,3.6560407,-0.7982185,-21.647348,-2.5117495,-1.0208932,-0.86787,-5.8439283,-11.661791,-11.615846,-10.029179,-4.7693787,175.82272,94.41795,34.777676,23.105192,23.889992,15.425464,8.573708,8.037577,10.073767,13.016598,12.569037,11.684325,6.9918547,no,C:\Projects\Audio_ML project\data\raw\no\ec74a8a5_nohash_0.wav
-527.1489,110.310486,30.593084,0.21749781,-7.4143143,-2.4317222,2.2525277,-5.001018,-7.2900767,-3.3134706,3.4021778,4.470012,-5.3990507,124.125435,110.15272,35.050423,14.912077,18.888123,12.208042,6.708911,12.567404,10.783329,7.6619124,10.083395,11.480788,7.9514875,go,C:\Projects\Audio_ML project\data\raw\go\d0faf7e4_nohash_4.wav
-480.25848,13.84293,-0.71918714,1.661187,-5.6075945,12.91364,-2.3394344,5.773458,-1.0883305,6.6204777,-1.0475888,4.8034525,-1.5369707,207.5206,37.631565,36.881042,11.758836,24.259916,17.190239,9.119806,9.1390915,5.3537765,8.360003,6.4554067,7.96756,5.435288,stop,C:\Projects\Audio_ML project\data\raw\stop\f4504600_nohash_1.wav
-839.21454,42.905655,-0.93419176,2.1045008,-5.006715,-0.39688632,-8.182164,2.1265748,1.9172903,8.516142,-4.339904,6.5085936,-5.2817516,201.5594,64.42243,5.768109,10.092016,12.509419,8.339876,14.832703,5.0885563,5.378345,12.691238,14.493123,9.4999695,10.869132,up,C:\Projects\Audio_ML project\data\raw\up\1a6eca98_nohash_1.wav
-759.62476,71.44626,10.931661,6.004893,-14.725214,-8.723098,6.57036,-4.741512,-5.6149187,-10.259814,-3.0211475,1.3657165,-8.962656,164.26869,95.74695,19.607067,13.151475,21.303532,13.168191,10.739448,15.495798,8.821905,15.274856,6.697212,7.8862896,14.4454365,go,C:\Projects\Audio_ML project\data\raw\go\735845ab_nohash_0.wav
-635.36426,49.903683,-6.961599,1.1810025,-6.3099713,-4.5690966,-0.30398983,-1.7484269,-1.6141669,-2.6794403,5.1750045,0.33234873,-0.74207836,176.4848,85.17626,20.090563,10.999556,17.562014,9.928273,9.186518,8.7791815,5.2033596,8.452184,9.78274,4.1346416,4.9164476,stop,C:\Projects\Audio_ML project\data\raw\stop\9aa21fa9_nohash_2.wav
-759.2506,63.908054,4.1184363,12.291303,-8.097547,-8.4767275,-8.19354,5.4609356,-2.417912,-3.7192864,-4.6750817,2.3280766,-1.7439852,179.84741,73.325485,10.783579,16.556326,10.956105,18.41019,16.270742,9.459168,10.086799,8.195329,9.905991,5.71192,6.031491,go,C:\Projects\Audio_ML project\data\raw\go\1a6eca98_nohash_0.wav
-554.02515,56.018814,-12.640003,-7.8658214,-10.413966,-2.0128675,-2.293812,2.9077125,-3.4734976,0.76165235,-11.025359,2.8462899,0.6467966,183.07266,66.30777,20.325958,16.863346,17.27145,11.557293,6.07579,6.528792,6.671906,7.2394505,15.5644655,6.5369534,3.6813974,no,C:\Projects\Audio_ML project\data\raw\no\78884794_nohash_1.wav
-575.742,70.23744,-17.918232,6.949615,-15.911551,-1.5958874,-14.597362,1.0831021,-1.7994618,-0.7572523,-2.1011999,-9.342747,-3.5415363,189.88322,75.35752,35.069298,18.912703,28.20129,14.191287,18.751204,7.146492,11.584187,6.7741117,7.7929854,12.398986,6.580662,no,C:\Projects\Audio_ML project\data\raw\no\5ba724a7_nohash_0.wav
-665.86835,43.40694,-7.9589047,19.509132,-16.623814,-5.4977922,-7.3969903,-10.658599,0.83280927,1.6941999,-2.248088,-7.145407,0.08166843,228.82855,57.371586,30.48576,44.146587,26.13088,16.720818,13.730788,13.847655,15.688073,10.816943,11.334693,13.348684,12.337675,no,C:\Projects\Audio_ML project\data\raw\no\7ff4fc72_nohash_0.wav
-760.95026,62.682354,-7.8458276,-5.0043936,-18.818687,6.4566765,-8.624624,0.033944916,-4.983534,-5.278352,-9.068581,-7.293946,-9.813957,182.79445,75.9488,21.203321,17.39695,28.325003,14.075554,16.099607,10.874494,9.447623,10.044591,12.051368,10.288181,14.380457,go,C:\Projects\Audio_ML project\data\raw\go\9f63152b_nohash_0.wav
-632.7162,43.892097,-5.6097517,8.427011,2.4135244,-7.0138493,0.72011954,0.94790125,-3.0095592,3.8882418,-3.90818,3.360305,-2.2916307,187.4604,61.954567,12.947145,20.987598,10.798906,19.732075,5.769565,11.310755,8.465259,9.25706,7.9462566,6.792372,6.1730123,yes,C:\Projects\Audio_ML project\data\raw\yes\ff21fb59_nohash_0.wav
-807.2401,64.563835,2.5167744,11.832842,-3.6421852,-7.6900997,-3.3826158,-7.850848,-12.542496,-6.8950243,-2.6661968,-2.457859,-11.337172,165.19142,81.210556,31.110807,21.408865,19.980555,12.493974,12.151865,14.921757,17.649797,14.667194,8.6342745,7.565556,14.95402,go,C:\Projects\Audio_ML project\data\raw\go\ba770f9b_nohash_1.wav
-623.87476,37.529285,53.575512,31.029331,7.451608,10.270292,-3.2219703,30.430895,-3.8449347,19.676006,-1.7234911,22.16134,-4.3513017,145.25677,83.20656,44.75952,38.797485,31.414406,39.361473,26.568016,32.202293,21.524822,16.501299,16.013391,14.118018,17.74437,yes,C:\Projects\Audio_ML project\data\raw\yes\e77d88fc_nohash_1.wav
-535.6803,102.50955,-31.801367,-0.5242192,-3.811951,7.7779236,-5.136346,-0.14142221,-4.7236004,-3.445438,-4.026597,-8.026465,-7.866135,107.86273,26.530935,30.354723,14.41698,28.926077,10.818818,15.180694,7.363079,8.9908285,8.401417,10.235777,15.667604,9.3987465,up,C:\Projects\Audio_ML project\data\raw\up\88120683_nohash_0.wav
-662.6579,43.7891,-8.935084,-6.4867387,-9.845488,-3.3663995,-7.8561535,-2.9792278,-6.204153,3.809381,-1.9504589,0.787742,-6.7301726,193.73659,62.005074,16.004967,14.697714,17.437214,6.76979,11.796987,8.886073,10.135377,6.5318317,5.1400557,5.040301,9.817559,go,C:\Projects\Audio_ML project\data\raw\go\5828dfa2_nohash_1.wav
-734.9403,31.253521,-7.743359,-0.49430823,-8.149767,3.3856692,-8.67029,6.244374,-10.067904,5.296439,-12.79212,3.7559276,-1.5399569,181.14436,72.97639,56.362186,16.294485,13.925241,16.691402,14.778306,15.808866,13.636622,10.63955,15.188386,16.833315,13.004017,stop,C:\Projects\Audio_ML project\data\raw\stop\31d68957_nohash_0.wav
-515.9149,45.5123,-8.87802,-10.604929,-4.196538,1.5478851,-6.738998,1.5807399,-1.8131183,4.2831025,-5.3707905,-1.4023687,2.5508986,193.27321,70.24671,16.492765,19.128729,9.291374,6.065709,11.115624,5.1810975,5.5446653,8.19528,9.684271,5.4411964,5.731503,up,C:\Projects\Audio_ML project\data\raw\up\a13e0a74_nohash_0.wav
-601.78705,65.16642,-0.47829074,0.41762227,3.756612,4.04228,1.8981408,0.13004276,-6.4623275,-1.1924741,-5.9174404,1.2187916,-4.886257,183.70428,86.56721,26.049358,17.847546,10.622547,7.5711,6.374882,6.258627,11.096342,6.4352603,10.606449,5.294868,8.0707855,no,C:\Projects\Audio_ML project\data\raw\no\4422e51d_nohash_0.wav
-701.237,43.10018,-11.958023,-1.1292099,1.353642,-1.9142394,-1.273615,0.308312,0.78664047,5.307262,-4.913809,1.6719537,-0.5259319,197.79643,67.60875,19.168226,8.158244,7.5359907,10.883598,7.4810276,7.27649,3.5271332,9.380025,12.850183,5.305145,3.943092,up,C:\Projects\Audio_ML project\data\raw\up\ff21fb59_nohash_0.wav
-431.86844,41.218765,21.851423,13.415636,-15.071103,-15.2801485,-17.732977,-12.215907,-14.947252,-7.0244083,-9.527881,-1.828251,0.118115745,192.09314,72.91936,32.0395,34.526596,18.654318,16.751862,18.608355,13.484751,20.493916,12.842086,12.145142,11.177918,9.656901,yes,C:\Projects\Audio_ML project\data\raw\yes\28e47b1a_nohash_3.wav
-528.53766,119.04968,4.608591,17.377487,10.823585,5.2368646,-3.6125276,1.7637876,-4.7305083,3.8032556,-0.74970317,-2.6419094,-1.9255497,117.609375,60.59767,14.77547,12.743341,15.578043,10.694825,10.044581,9.443223,10.984097,7.748139,7.4586782,9.9823,6.991994,no,C:\Projects\Audio_ML project\data\raw\no\ea1f888c_nohash_0.wav
-466.14502,47.111103,14.46739,23.102446,7.1945333,1.6315004,-4.8634005,2.5745423,-2.6238608,5.733623,-3.1610916,1.2178628,1.8982047,189.69897,63.815296,16.088533,28.602129,13.770191,14.36141,13.220882,11.835587,6.489187,13.341979,9.247437,6.567554,7.1714387,yes,C:\Projects\Audio_ML project\data\raw\yes\c8db14a8_nohash_2.wav
-556.96643,30.344978,2.1846015,-8.842796,-14.542561,-6.3639703,-15.439938,-15.6326065,-6.386777,-1.22357,-18.660784,5.519252,-5.9027033,195.85036,45.896194,24.628782,27.894533,21.852236,11.387479,21.087116,19.65606,9.863664,7.752587,25.003117,12.948013,11.124322,no,C:\Projects\Audio_ML project\data\raw\no\17c94b23_nohash_0.wav
-465.62717,127.621155,11.624103,-5.736731,-1.5507479,24.38177,20.887554,11.869064,4.910777,11.108112,5.8896956,8.378101,3.942788,91.365616,19.72204,31.718502,23.900234,16.418306,9.31365,10.8659725,7.3035064,7.812037,4.4557543,9.931928,9.42038,9.815877,stop,C:\Projects\Audio_ML project\data\raw\stop\bd11c654_nohash_0.wav
-506.94733,57.83083,-10.1911,10.020326,-18.944706,-7.930268,-1.2933611,-9.573301,-6.1869836,2.1895146,-2.4956646,2.1686964,-7.4644785,232.14749,71.12906,21.921474,15.335351,25.995066,11.412087,11.949834,13.085207,10.157564,9.026728,9.677024,6.2419977,11.084467,go,C:\Projects\Audio_ML project\data\raw\go\7e4fa1d8_nohash_0.wav
-576.2844,57.720383,-2.1784537,16.570362,-5.6245594,11.276259,-2.04311,9.294548,-4.1753993,10.065689,-2.6346228,8.304541,-5.952447,154.41158,31.624865,12.011475,9.047536,11.857092,8.638901,5.969414,8.956609,5.348997,7.3424954,5.8529553,6.0331383,7.9512568,up,C:\Projects\Audio_ML project\data\raw\up\4f781a59_nohash_2.wav
-480.36588,58.04517,11.341726,-5.633111,-20.264318,-6.93558,-28.015497,16.269896,-15.392586,-5.4779754,-2.2454994,-7.211961,-8.545557,202.89818,62.32939,21.988594,34.946445,21.950527,12.813503,29.750874,22.302355,15.8523445,10.678397,6.5224686,9.446941,12.626519,no,C:\Projects\Audio_ML project\data\raw\no\0e5193e6_nohash_0.wav
